pub_id,author_s,year,article,journal,volume,pages,country,continent,animal,stage_life_m,lifespan_m,norm_age,bw_mean_kg,bw_sd_kg,sex,lactating,exp_id,model,study_id,treatment,potential_exposure_day,pfoa_plasma_mean,pfoa_plasma_sd,pfoa_plasma_units,pfoa_plasma_ns,pfoa_liver_mean,pfoa_liver_sd,pfoa_liver_units,pfoa_liver_ns,feed_intake_mean ,feed_intake_units,water_intake_mean,water_intake_units,pfoa_exposure_level_mean,pfoa_exposure_level_sd,pfoa_exposure_level_units
1,Rebholz et al.,2016,Hypercholesterolemia with consumption of PFOA-laced Western diets is dependent on strain and sex of mice,Toxycology Reports,3,46-47,USA,NAM,Mice,1.15,30,0.038,0.0263,0.001,IM,N,1,Fix,1,CLANEP,35,0.002,,ug/ml,6,.,.,ug/g,.,0.0018,kg/d,0.0028,L/d,0.000025,.,ug/kg bw/d
1,Rebholz et al.,2016,Hypercholesterolemia with consumption of PFOA-laced Western diets is dependent on strain and sex of mice,Toxycology Reports,3,46-48,USA,NAM,Mice,1.15,30,0.038,0.0256,0.0005,IM,N,1,Fix,1,CLAEP,35,26.9,,ug/ml,6,.,.,ug/g,.,0.0018,kg/d,0.0027,L/d,500,.,ug/kg bw/d
1,Rebholz et al.,2016,Hypercholesterolemia with consumption of PFOA-laced Western diets is dependent on strain and sex of mice,Toxycology Reports,3,46-49,USA,NAM,Mice,1.15,30,0.038,0.0248,0.0024,IM,N,2,Fix,1,CLANEP,35,0.005,,ug/ml,6,.,.,ug/g,.,0.0017,kg/d,0.0026,L/d,0.000025,.,ug/kg bw/d
1,Rebholz et al.,2016,Hypercholesterolemia with consumption of PFOA-laced Western diets is dependent on strain and sex of mice,Toxycology Reports,3,46-50,USA,NAM,Mice,1.15,30,0.038,0.0248,0.001,IM,N,2,Fix,1,CLAEP,35,28.2,,ug/ml,6,.,.,ug/g,.,0.0017,kg/d,0.0026,L/d,500,.,ug/kg bw/d
1,Rebholz et al.,2016,Hypercholesterolemia with consumption of PFOA-laced Western diets is dependent on strain and sex of mice,Toxycology Reports,3,46-51,USA,NAM,mice,1.15,30,0.038,0.0204,0.0015,IF,N,3,Fix,1,CLANEP,35,0.028,,ug/ml,6,.,.,ug/g,.,0.0014,kg/d,0.0021,L/d,0.000025,.,ug/kg bw/d
1,Rebholz et al.,2016,Hypercholesterolemia with consumption of PFOA-laced Western diets is dependent on strain and sex of mice,Toxycology Reports,3,46-52,USA,NAM,mice,1.15,30,0.038,0.0203,0.0012,IF,N,3,Fix,1,CLAEP,35,44.3,,ug/ml,6,.,.,ug/g,.,0.0014,kg/d,0.0021,L/d,500,.,ug/kg bw/d
1,Rebholz et al.,2016,Hypercholesterolemia with consumption of PFOA-laced Western diets is dependent on strain and sex of mice,Toxycology Reports,3,46-53,USA,NAM,mice,1.15,30,0.038,0.0207,0.0005,IF,N,4,Fix,1,CLANEP,35,0.086,,ug/ml,6,.,.,ug/g,.,0.0014,kg/d,0.0022,L/d,0.000025,.,ug/kg bw/d
1,Rebholz et al.,2016,Hypercholesterolemia with consumption of PFOA-laced Western diets is dependent on strain and sex of mice,Toxycology Reports,3,46-54,USA,NAM,mice,1.15,30,0.038,0.021,0.001,IF,N,4,Fix,1,CLAEP,35,35.6,,ug/ml,6,.,.,ug/g,.,0.0015,kg/d,0.0022,L/d,500,.,ug/kg bw/d
2,Franko et al.,2012,Dermal penetration potential of Perfluorooctanoic acid (PFOA) in human and mouse skin,Journal of toxicology and Enviromental Health,75,50-62,USA,NAM,mice,1.38,30,0.046,0.0185,.,IF,N,5,Fix,2,CLANEP,4,0.000025,0,ug/ml,5,.,.,ug/g,.,0.0013,kg/d,0.0019,L/d,0.000025,.,ug/kg bw/d
2,Franko et al.,2012,Dermal penetration potential of Perfluorooctanoic acid (PFOA) in human and mouse skin,Journal of toxicology and Enviromental Health,76,50-63,USA,NAM,mice,1.38,30,0.046,0.0185,.,IF,N,5,Fix,2,CLAEP,4,152,13.491,ug/ml,5,.,.,ug/g,.,0.0013,kg/d,0.0019,L/d,0.013513514,.,ug/kg bw/d
2,Franko et al.,2012,Dermal penetration potential of Perfluorooctanoic acid (PFOA) in human and mouse skin,Journal of toxicology and Enviromental Health,77,50-64,USA,NAM,mice,1.38,30,0.046,0.0185,.,IF,N,5,Fix,2,CLAEP,4,189.14,7.066,ug/ml,5,.,.,ug/g,.,0.0013,kg/d,0.0019,L/d,0.027027027,.,ug/kg bw/d
2,Franko et al.,2012,Dermal penetration potential of Perfluorooctanoic acid (PFOA) in human and mouse skin,Journal of toxicology and Enviromental Health,78,50-65,USA,NAM,mice,1.38,30,0.046,0.0185,.,IF,N,5,Fix,2,CLAEP,4,226,12.848,ug/ml,5,.,.,ug/g,.,0.0013,kg/d,0.0019,L/d,0.054054054,.,ug/kg bw/d
3,White et al.,2006,Gestational PFOA Exposure of Mice is Associated with Altered Mammary Gland Development in Dams and Female Offspring ,Toxicological Sciences,96,133-144,USA,NAM,mice,.,30,.,.,,IF,N,6,Fix,3,CLANEP,0,0.2239,,ug/ml,14,.,.,ug/g,.,.,kg/d,.,L/d,0.000025,.,ug/kg bw/d
3,White et al.,2006,Gestational PFOA Exposure of Mice is Associated with Altered Mammary Gland Development in Dams and Female Offspring ,Toxicological Sciences,97,133-145,USA,NAM,mice,.,30,.,.,,IF,N,6,Fix,3,CLAEP,17,13.3209,,ug/ml,14,.,.,ug/g,.,.,kg/d,.,L/d,5000,.,ug/kg bw/d
3,White et al.,2006,Gestational PFOA Exposure of Mice is Associated with Altered Mammary Gland Development in Dams and Female Offspring ,Toxicological Sciences,98,133-146,USA,NAM,mice,.,30,.,.,,IF,N,6,Fix,3,CLAEP,10,19.92537313,,ug/ml,16,.,.,ug/g,.,.,kg/d,.,L/d,5000,.,ug/kg bw/d
3,White et al.,2006,Gestational PFOA Exposure of Mice is Associated with Altered Mammary Gland Development in Dams and Female Offspring ,Toxicological Sciences,99,133-147,USA,NAM,mice,.,30,.,.,,IF,N,6,Fix,3,CLAEP,6,35.03731343,,ug/ml,16,.,.,ug/g,.,.,kg/d,.,L/d,5000,.,ug/kg bw/d
3,White et al.,2006,Gestational PFOA Exposure of Mice is Associated with Altered Mammary Gland Development in Dams and Female Offspring ,Toxicological Sciences,100,133-148,USA,NAM,mice,.,30,.,.,,IF,N,7,Fix,3,CLANEP,0,0.000025,,ug/ml,14,.,.,ug/g,.,.,kg/d,.,L/d,0.000025,.,ug/kg bw/d
3,White et al.,2006,Gestational PFOA Exposure of Mice is Associated with Altered Mammary Gland Development in Dams and Female Offspring ,Toxicological Sciences,101,133-149,USA,NAM,mice,.,30,.,.,,IF,N,7,Fix,3,CLAEP,17,11.86567164,,ug/ml,14,.,.,ug/g,.,.,kg/d,.,L/d,5000,.,ug/kg bw/d
3,White et al.,2006,Gestational PFOA Exposure of Mice is Associated with Altered Mammary Gland Development in Dams and Female Offspring ,Toxicological Sciences,102,133-150,USA,NAM,mice,.,30,.,.,,IF,N,7,Fix,3,CLAEP,10,19.8134,,ug/ml,16,.,.,ug/g,.,.,kg/d,.,L/d,5000,.,ug/kg bw/d
3,White et al.,2006,Gestational PFOA Exposure of Mice is Associated with Altered Mammary Gland Development in Dams and Female Offspring ,Toxicological Sciences,103,133-151,USA,NAM,mice,.,30,.,.,,IF,N,7,Fix,3,CLAEP,6,42.4254,,ug/ml,16,.,.,ug/g,.,.,kg/d,.,L/d,5000,.,ug/kg bw/d
4,Rahman et al.,2009,The atrophy and changes in the cellular compositions of the thymus and spleen observed in mice subjected to short-term exposure to perfluorooctanesulfonate are high-dose phenomena mediated in part by peroxisome proliferator-activated receptor-alpha (PPAR?),Toxicology,206,68-76,Sweden,EU,Mice,1.61,30,0.054,0.019,0.001,IM,N,8,Fix,4,CLANEP,0,0.0191,0.003,ug/ml,6,.,.,ug/g,.,0.00133,kg/d,0.001995,L/d,0.000025,.,ug/kg bw/d
4,Rahman et al.,2009,The atrophy and changes in the cellular compositions of the thymus and spleen observed in mice subjected to short-term exposure to perfluorooctanesulfonate are high-dose phenomena mediated in part by peroxisome proliferator-activated receptor-alpha (PPAR?),Toxicology,207,68-77,Sweden,EU,Mice,1.61,30,0.054,0.019,0.001,IM,N,8,Fix,4,CLAEP,10,152,8.6,ug/ml,4,.,.,ug/g,.,0.00133,kg/d,0.001995,L/d,1400,.,ug/kg bw/d
5,Narizzano et all.,2021,Patterns in serum toxicokinetics in Peromyscus exposed to per- and polyfluoroalkyl substances,Environmental toxicology and chemistry,40,2886-2898,USA,NAM,Mice,1.61,30,0.054,0.0225,,IM,N,9,Fix,5,CLANEP,0,0.000025,0,ug/ml,9,.,.,ug/g,.,0.158,kg/d,0.003,L/d,0.000025,.,ug/kg bw/d
5,Narizzano et all.,2021,Patterns in serum toxicokinetics in Peromyscus exposed to per- and polyfluoroalkyl substances,Environmental toxicology and chemistry,41,2886-2899,USA,NAM,Mice,1.61,30,0.054,0.0225,,IM,N,9,Fix,5,CLAEP,28,6,3.9,ug/ml,9,.,.,ug/g,.,0.158,kg/d,0.003,L/d,5000,.,ug/kg bw/d
5,Narizzano et all.,2021,Patterns in serum toxicokinetics in Peromyscus exposed to per- and polyfluoroalkyl substances,Environmental toxicology and chemistry,42,2886-2900,USA,NAM,Mice,1.61,30,0.054,0.0225,,IM,N,9,Fix,5,CLAEP,28,9.7,5.7,ug/ml,9,.,.,ug/g,.,0.158,kg/d,0.003,L/d,10000,.,ug/kg bw/d
5,Narizzano et all.,2021,Patterns in serum toxicokinetics in Peromyscus exposed to per- and polyfluoroalkyl substances,Environmental toxicology and chemistry,43,2886-2901,USA,NAM,Mice,1.61,30,0.054,0.0225,,IM,N,9,Fix,5,CLAEP,28,10.4,7.2,ug/ml,9,.,.,ug/g,.,0.158,kg/d,0.003,L/d,13000,.,ug/kg bw/d
5,Narizzano et all.,2021,Patterns in serum toxicokinetics in Peromyscus exposed to per- and polyfluoroalkyl substances,Environmental toxicology and chemistry,44,2886-2902,USA,NAM,mice,3.22,30,0.107,0.0225,,IF,N,10,Fix,5,CLANEP,0,0.000025,0,ug/ml,9,.,.,ug/g,.,0.158,kg/d,0.003,L/d,0.000025,.,ug/kg bw/d
5,Narizzano et all.,2021,Patterns in serum toxicokinetics in Peromyscus exposed to per- and polyfluoroalkyl substances,Environmental toxicology and chemistry,45,2886-2903,USA,NAM,mice,3.22,30,0.107,0.0225,,IF,N,10,Fix,5,CLAEP,28,1.9,0.9,ug/ml,9,.,.,ug/g,.,0.158,kg/d,0.003,L/d,5000,.,ug/kg bw/d
5,Narizzano et all.,2021,Patterns in serum toxicokinetics in Peromyscus exposed to per- and polyfluoroalkyl substances,Environmental toxicology and chemistry,46,2886-2904,USA,NAM,mice,3.22,30,0.107,0.0225,,IF,N,10,Fix,5,CLAEP,28,6.5,6.9,ug/ml,9,.,.,ug/g,.,0.158,kg/d,0.003,L/d,10000,.,ug/kg bw/d
5,Narizzano et all.,2021,Patterns in serum toxicokinetics in Peromyscus exposed to per- and polyfluoroalkyl substances,Environmental toxicology and chemistry,47,2886-2905,USA,NAM,mice,3.22,30,0.107,0.0225,,IF,N,10,Fix,5,CLAEP,28,17.1,14.4,ug/ml,9,.,.,ug/g,.,0.158,kg/d,0.003,L/d,13000,.,ug/kg bw/d
6,Fenton et al.,2009,Analysis of PFOA in dosed CD-1 mice. Part 2: Disposition of PFOA in tissues and fluids from pregnant and lactating mice and their pups,Reproductive toxicology,27,365-372,USA,NAM,mice,2.76,30,0.092,0.0535,,IF,N,11,Fix,6,CLANEP,0,0.000025,0,ug/ml,25,.,.,ug/g,.,0.375,kg/d,0.004,L/d,0.000025,.,ug/kg bw/d
6,Fenton et al.,2009,Analysis of PFOA in dosed CD-1 mice. Part 2: Disposition of PFOA in tissues and fluids from pregnant and lactating mice and their pups,Reproductive toxicology,27,365-372,USA,NAM,mice,2.76,30,0.092,0.058,,IF,N,11,Fix,6,CLAEP,1,0.14,0.04,ug/ml,25,.,.,ug/g,.,0.406,kg/d,0.004,L/d,100,.,ug/kg bw/d
6,Fenton et al.,2009,Analysis of PFOA in dosed CD-1 mice. Part 2: Disposition of PFOA in tissues and fluids from pregnant and lactating mice and their pups,Reproductive toxicology,27,365-372,USA,NAM,mice,2.76,30,0.092,0.0515,,IF,N,11,Fix,6,CLAEP,1,1.79,0.44,ug/ml,25,.,.,ug/g,.,0.361,kg/d,0.004,L/d,1000,.,ug/kg bw/d
6,Fenton et al.,2009,Analysis of PFOA in dosed CD-1 mice. Part 2: Disposition of PFOA in tissues and fluids from pregnant and lactating mice and their pups,Reproductive toxicology,27,365-372,USA,NAM,mice,2.76,30,0.092,0.0533,,IF,N,11,Fix,6,CLAEP,1,7.73,1.27,ug/ml,25,.,.,ug/g,.,0.373,kg/d,0.004,L/d,5000,.,ug/kg bw/d
7,Bogdanska et al. ,2020,Tissue distribution of 14C-labelled perfluorooctanoic acid in adult mice after 1-5 days of dietary exposure to an experimental dose or a lower dose that resulted in blood levels similar to those detected in exposed humans,Chemosphere,239,.,Sweden,EU,Mice,1.61,30,0.053666667,0.026,0.00064,IM,N,12,Fix,7,CLAEP ,1,0.24,0.05,ug/mL,3,0.65837,0.05,ug/g,3,0.0044,kg/d,0.003,L/d,60,.,ug/kg bw/d
7,Bogdanska et al. ,2020,Tissue distribution of 14C-labelled perfluorooctanoic acid in adult mice after 1-5 days of dietary exposure to an experimental dose or a lower dose that resulted in blood levels similar to those detected in exposed humans,Chemosphere,239,.,Sweden,EU,Mice,1.61,30,0.053666667,0.026,0.00064,IM,N,12,Fix,7,CLAEP ,3,0.9,0.035,ug/mL,3,2.165,0.11,ug/g,3,0.0044,kg/d,0.003,L/d,60,.,ug/kg bw/d
7,Bogdanska et al. ,2020,Tissue distribution of 14C-labelled perfluorooctanoic acid in adult mice after 1-5 days of dietary exposure to an experimental dose or a lower dose that resulted in blood levels similar to those detected in exposed humans,Chemosphere,239,.,Sweden,EU,Mice,1.61,30,0.053666667,0.026,0.00064,IM,N,12,Fix,7,CLAEP ,5,1.22,0.1,ug/mL,3,3.108,0.179,ug/g,3,0.0044,kg/d,0.003,L/d,60,.,ug/kg bw/d
7,Bogdanska et al. ,2020,Tissue distribution of 14C-labelled perfluorooctanoic acid in adult mice after 1-5 days of dietary exposure to an experimental dose or a lower dose that resulted in blood levels similar to those detected in exposed humans,Chemosphere,239,.,Sweden,EU,Mice,1.61,30,0.053666667,0.022,0.00092,IM,N,13,Fix,7,CLAEP ,1,66.78,3.71,ug/mL,3,116.35,13.66,ug/g,3,0.0037,kg/d,0.002,L/d,22000,.,ug/kg bw/d
7,Bogdanska et al. ,2020,Tissue distribution of 14C-labelled perfluorooctanoic acid in adult mice after 1-5 days of dietary exposure to an experimental dose or a lower dose that resulted in blood levels similar to those detected in exposed humans,Chemosphere,239,.,Sweden,EU,Mice,1.61,30,0.053666667,0.022,0.00092,IM,N,13,Fix,7,CLAEP ,3,135.78,11.13,ug/mL,3,277.84,35.61,ug/g,3,0.0037,kg/d,0.002,L/d,22000,.,ug/kg bw/d
7,Bogdanska et al. ,2020,Tissue distribution of 14C-labelled perfluorooctanoic acid in adult mice after 1-5 days of dietary exposure to an experimental dose or a lower dose that resulted in blood levels similar to those detected in exposed humans,Chemosphere,239,.,Sweden,EU,Mice,1.61,30,0.053666667,0.022,0.00092,IM,N,13,Fix,7,CLAEP ,5,142.46,25.97,ug/mL,3,313.04,32.71,ug/g,3,0.0037,kg/d,0.002,L/d,22000,.,ug/kg bw/d
8,Abbott et al.,2012,Effects of perfluorooctanoic acid (PFOA) on expression of peroxisome proliferator-activated receptors (PPAR) and nuclear receptor-regulated genes in fetal and postnatal CD-1 mouse tissues,Reproductive Toxicology,33,491-505,USA,NAM,mice,.,30,.,.,.,IF,N,14,Fix,8,CLANEP,14,0.0463,0.024,ug/mL,4,0.0452,0.036,ug/g,4,.,kg/d,.,L/d,0.000025,.,ug/kg bw/d
8,Abbott et al.,2012,Effects of perfluorooctanoic acid (PFOA) on expression of peroxisome proliferator-activated receptors (PPAR) and nuclear receptor-regulated genes in fetal and postnatal CD-1 mouse tissues,Reproductive Toxicology,33,491-505,USA,NAM,mice,.,30,.,.,.,IF,N,14,Fix,8,CLANEP,17,0.0089,0.003,ug/mL,5,0.0247,0,ug/g,5,.,kg/d,.,L/d,0.000025,.,ug/kg bw/d
8,Abbott et al.,2012,Effects of perfluorooctanoic acid (PFOA) on expression of peroxisome proliferator-activated receptors (PPAR) and nuclear receptor-regulated genes in fetal and postnatal CD-1 mouse tissues,Reproductive Toxicology,33,491-505,USA,NAM,mice,.,30,.,.,.,IF,N,14,Fix,8,CLANEP,38,0.0131,0.008,ug/mL,15,0.0219,0.007,ug/g,15,.,kg/d,.,L/d,0.000025,.,ug/kg bw/d
8,Abbott et al.,2012,Effects of perfluorooctanoic acid (PFOA) on expression of peroxisome proliferator-activated receptors (PPAR) and nuclear receptor-regulated genes in fetal and postnatal CD-1 mouse tissues,Reproductive Toxicology,33,491-505,USA,NAM,mice,.,30,.,.,.,IF,N,14,Fix,8,CLAEP ,14,85.92,7.48,ug/mL,5,240.11,46.64,ug/g,5,.,kg/d,.,L/d,5000,.,ug/kg bw/d
8,Abbott et al.,2012,Effects of perfluorooctanoic acid (PFOA) on expression of peroxisome proliferator-activated receptors (PPAR) and nuclear receptor-regulated genes in fetal and postnatal CD-1 mouse tissues,Reproductive Toxicology,33,491-505,USA,NAM,mice,.,30,.,.,.,IF,N,14,Fix,8,CLAEP ,17,55.66,12.86,ug/mL,5,192.68,34.99,ug/g,5,.,kg/d,.,L/d,5000,.,ug/kg bw/d
8,Abbott et al.,2012,Effects of perfluorooctanoic acid (PFOA) on expression of peroxisome proliferator-activated receptors (PPAR) and nuclear receptor-regulated genes in fetal and postnatal CD-1 mouse tissues,Reproductive Toxicology,33,491-505,USA,NAM,mice,.,30,.,.,.,IF,N,14,Fix,8,CLAEP ,38,48.83,16.63,ug/mL,15,102.15,31.65,ug/g,15,.,kg/d,.,L/d,5000,.,ug/kg bw/d
9,Hinderliter et al. ,2006,Age effect on perfluorooctanoate (PFOA) plasma concentration in post-weaning rats following oral gavage with ammonium perfluorooctanoate (APFO),Toxicology,225,195-203,USA,NAM,rat,0.76,25,0.0304,.,.,IM,N,15,Fix,9,CLAEP ,1,34.22,7.89,ug/mL,10,.,.,ug/g,.,.,kg/d,.,L/d,10000,.,ug/kg bw/d
9,Hinderliter et al. ,2006,Age effect on perfluorooctanoate (PFOA) plasma concentration in post-weaning rats following oral gavage with ammonium perfluorooctanoate (APFO),Toxicology,225,195-203,USA,NAM,rat,0.76,25,0.0304,.,.,IF,N,15,Fix,9,CLAEP ,1,13.55,3.83,ug/mL,10,.,.,ug/g,.,.,kg/d,.,L/d,10000,.,ug/kg bw/d
9,Hinderliter et al. ,2006,Age effect on perfluorooctanoate (PFOA) plasma concentration in post-weaning rats following oral gavage with ammonium perfluorooctanoate (APFO),Toxicology,225,195-203,USA,NAM,rat,0.985,25,0.0394,.,.,IM,N,15,Fix,9,CLAEP ,1,42.94,5.33,ug/mL,10,.,.,ug/g,.,.,kg/d,.,L/d,10000,.,ug/kg bw/d
9,Hinderliter et al. ,2006,Age effect on perfluorooctanoate (PFOA) plasma concentration in post-weaning rats following oral gavage with ammonium perfluorooctanoate (APFO),Toxicology,225,195-203,USA,NAM,rat,0.985,25,0.0394,.,.,IF,N,15,Fix,9,CLAEP ,1,18.98,7.01,ug/mL,10,.,.,ug/g,.,.,kg/d,.,L/d,10000,.,ug/kg bw/d
9,Hinderliter et al. ,2006,Age effect on perfluorooctanoate (PFOA) plasma concentration in post-weaning rats following oral gavage with ammonium perfluorooctanoate (APFO),Toxicology,225,195-203,USA,NAM,rat,1.05,25,0.042,.,.,IM,N,15,Fix,9,CLAEP ,1,40.6,3.69,ug/mL,10,.,.,ug/g,.,.,kg/d,.,L/d,10000,.,ug/kg bw/d
9,Hinderliter et al. ,2006,Age effect on perfluorooctanoate (PFOA) plasma concentration in post-weaning rats following oral gavage with ammonium perfluorooctanoate (APFO),Toxicology,225,195-203,USA,NAM,rat,1.05,25,0.042,.,.,IF,N,15,Fix,9,CLAEP ,1,1.36,0.87,ug/mL,10,.,.,ug/g,.,.,kg/d,.,L/d,10000,.,ug/kg bw/d
9,Hinderliter et al. ,2006,Age effect on perfluorooctanoate (PFOA) plasma concentration in post-weaning rats following oral gavage with ammonium perfluorooctanoate (APFO),Toxicology,225,195-203,USA,NAM,rat,0.887,25,0.03548,.,.,IM,N,15,Fix,9,CLAEP ,1,7.32,1.01,ug/mL,10,.,.,ug/g,.,.,kg/d,.,L/d,10000,.,ug/kg bw/d
9,Hinderliter et al. ,2006,Age effect on perfluorooctanoate (PFOA) plasma concentration in post-weaning rats following oral gavage with ammonium perfluorooctanoate (APFO),Toxicology,225,195-203,USA,NAM,rat,0.887,25,0.03548,.,.,IF,N,15,Fix,9,CLAEP ,1,2.68,0.64,ug/mL,10,.,.,ug/g,.,.,kg/d,.,L/d,10000,.,ug/kg bw/d
9,Hinderliter et al. ,2006,Age effect on perfluorooctanoate (PFOA) plasma concentration in post-weaning rats following oral gavage with ammonium perfluorooctanoate (APFO),Toxicology,225,195-203,USA,NAM,rat,1.116,25,0.04464,.,.,IM,N,15,Fix,9,CLAEP ,1,39.24,3.89,ug/mL,10,.,.,ug/g,.,.,kg/d,.,L/d,10000,.,ug/kg bw/d
9,Hinderliter et al. ,2006,Age effect on perfluorooctanoate (PFOA) plasma concentration in post-weaning rats following oral gavage with ammonium perfluorooctanoate (APFO),Toxicology,225,195-203,USA,NAM,rat,1.116,25,0.04464,.,.,IF,N,15,Fix,9,CLAEP ,1,1.13,0.46,ug/mL,10,.,.,ug/g,.,.,kg/d,.,L/d,10000,.,ug/kg bw/d
9,Hinderliter et al. ,2006,Age effect on perfluorooctanoate (PFOA) plasma concentration in post-weaning rats following oral gavage with ammonium perfluorooctanoate (APFO),Toxicology,225,195-203,USA,NAM,rat,1.248,25,0.04992,.,.,IM,N,15,Fix,9,CLAEP ,1,43.19,3.79,ug/mL,10,.,.,ug/g,.,.,kg/d,.,L/d,10000,.,ug/kg bw/d
9,Hinderliter et al. ,2006,Age effect on perfluorooctanoate (PFOA) plasma concentration in post-weaning rats following oral gavage with ammonium perfluorooctanoate (APFO),Toxicology,225,195-203,USA,NAM,rat,1.248,25,0.04992,.,.,IF,N,15,Fix,9,CLAEP ,1,1.18,0.52,ug/mL,10,.,.,ug/g,.,.,kg/d,.,L/d,10000,.,ug/kg bw/d
9,Hinderliter et al. ,2006,Age effect on perfluorooctanoate (PFOA) plasma concentration in post-weaning rats following oral gavage with ammonium perfluorooctanoate (APFO),Toxicology,225,195-203,USA,NAM,rat,1.578,25,0.06312,.,.,IM,N,15,Fix,9,CLAEP ,1,37.13,4.07,ug/mL,10,.,.,ug/g,.,.,kg/d,.,L/d,10000,.,ug/kg bw/d
9,Hinderliter et al. ,2006,Age effect on perfluorooctanoate (PFOA) plasma concentration in post-weaning rats following oral gavage with ammonium perfluorooctanoate (APFO),Toxicology,225,195-203,USA,NAM,rat,1.578,25,0.06312,.,.,IF,N,15,Fix,9,CLAEP ,1,0.57,0.29,ug/mL,10,.,.,ug/g,.,.,kg/d,.,L/d,10000,.,ug/kg bw/d
9,Hinderliter et al. ,2006,Age effect on perfluorooctanoate (PFOA) plasma concentration in post-weaning rats following oral gavage with ammonium perfluorooctanoate (APFO),Toxicology,225,195-203,USA,NAM,rat,1.806,25,0.07224,.,.,IM,N,15,Fix,9,CLAEP ,1,38.55,5.44,ug/mL,10,.,.,ug/g,.,.,kg/d,.,L/d,10000,.,ug/kg bw/d
9,Hinderliter et al. ,2006,Age effect on perfluorooctanoate (PFOA) plasma concentration in post-weaning rats following oral gavage with ammonium perfluorooctanoate (APFO),Toxicology,225,195-203,USA,NAM,rat,1.806,25,0.07224,.,.,IF,N,15,Fix,9,CLAEP ,1,0.81,0.27,ug/mL,10,.,.,ug/g,.,.,kg/d,.,L/d,10000,.,ug/kg bw/d
10,Bei Gao et al.,2015,Distribution of perfluoroalkyl compounds in rats: Indication for using hair as bioindicator of exposure, journal of exposure science & environmental epidemiology,25,632-638,China,ASIA,rat,1.841,25,0.07364,.,.,IM,N,16,Fix,10,CLAEP ,90,0.217,0.0359,ug/mL,10,0.0477,0.0139,ug/g,.,.,kg/d,.,L/d,1,.,ug/kg bw/d
10,Bei Gao et al.,2015,Distribution of perfluoroalkyl compounds in rats: Indication for using hair as bioindicator of exposure, journal of exposure science & environmental epidemiology,25,632-638,China,ASIA,rat,1.841,25,0.07364,.,.,IF,N,16,Fix,10,CLAEP ,90,0.00596,0.00081,ug/mL,10,0.00352,0.00168,ug/g,.,.,kg/d,.,L/d,2,.,ug/kg bw/d
10,Bei Gao et al.,2015,Distribution of perfluoroalkyl compounds in rats: Indication for using hair as bioindicator of exposure, journal of exposure science & environmental epidemiology,25,632-638,China,ASIA,rat,1.841,25,0.07364,.,.,IM,N,16,Fix,10,CLAEP ,90,2.47,0.186,ug/mL,10,0.217,0.0448,ug/g,.,.,kg/d,.,L/d,14,.,ug/kg bw/d
10,Bei Gao et al.,2015,Distribution of perfluoroalkyl compounds in rats: Indication for using hair as bioindicator of exposure, journal of exposure science & environmental epidemiology,25,632-638,China,ASIA,rat,1.841,25,0.07364,.,.,IF,N,16,Fix,10,CLAEP ,90,0.0274,0.00828,ug/mL,10,0.0127,0.00393,ug/g,.,.,kg/d,.,L/d,17,.,ug/kg bw/d
10,Bei Gao et al.,2015,Distribution of perfluoroalkyl compounds in rats: Indication for using hair as bioindicator of exposure, journal of exposure science & environmental epidemiology,25,632-638,China,ASIA,rat,1.841,25,0.07364,.,.,IM,N,16,Fix,10,CLAEP ,90,6.955,0.788,ug/mL,10,0.344,0.00843,ug/g,.,.,kg/d,.,L/d,197,.,ug/kg bw/d
10,Bei Gao et al.,2015,Distribution of perfluoroalkyl compounds in rats: Indication for using hair as bioindicator of exposure, journal of exposure science & environmental epidemiology,25,632-638,China,ASIA,rat,1.841,25,0.07364,.,.,IF,N,16,Fix,10,CLAEP ,90,0.135,0.0379,ug/mL,10,0.0163,0.00008,ug/g,.,.,kg/d,.,L/d,151,.,ug/kg bw/d
11,Lupton et al.,2021,"Perfluorooctanoic Acid Uptake by Alfalfa (Medicago sativa) and
Bioavailability in Sprague-Dawley Rats",Journal of Food Protection,84,688-694,USA,NAM,rat,1.727,.,.,0.184,0.008,IF,N,17,Fix,11,CLAEP ,14,0.01,0.002,ug/mL,15,0.02,0.01,ug/g,15,0.02,kg/d,0.019,L/d,47,3.84,ug/kg bw/d
12,Ha Thi Ngo et al. ,2014,"In utero exposure to perfluorooctanoate (PFOA) or perfluorooctane
sulfonate (PFOS) did not increase body weight or intestinal
tumorigenesis in multiple intestinal neoplasia (Min/þ) mice",Environmental Research,132,251-263,Norway,EU,mice,1.727,30,0.057566667,.,.,IF,N,18,Fix,12,CLAEP ,17,2.17,.,ug/mL,1,.,.,ug/g,.,.,kg/d,.,L/d,100,.,ug/kg bw/d
12,Ha Thi Ngo et al. ,2014,"In utero exposure to perfluorooctanoate (PFOA) or perfluorooctane
sulfonate (PFOS) did not increase body weight or intestinal
tumorigenesis in multiple intestinal neoplasia (Min/þ) mice",Environmental Research,132,251-263,Norway,EU,mice,1.727,30,0.057566667,.,.,IF,N,18,Fix,12,CLAEP ,17,2.68,.,ug/mL,1,.,.,ug/g,.,.,kg/d,.,L/d,100,.,ug/kg bw/d
12,Ha Thi Ngo et al. ,2014,"In utero exposure to perfluorooctanoate (PFOA) or perfluorooctane
sulfonate (PFOS) did not increase body weight or intestinal
tumorigenesis in multiple intestinal neoplasia (Min/þ) mice",Environmental Research,132,251-263,Norway,EU,mice,1.727,30,0.057566667,.,.,IF,N,18,Fix,12,CLAEP ,17,35.321,.,ug/mL,1,.,.,ug/g,.,.,kg/d,.,L/d,3000,.,ug/kg bw/d
12,Ha Thi Ngo et al. ,2014,"In utero exposure to perfluorooctanoate (PFOA) or perfluorooctane
sulfonate (PFOS) did not increase body weight or intestinal
tumorigenesis in multiple intestinal neoplasia (Min/þ) mice",Environmental Research,132,251-263,Norway,EU,mice,1.727,30,0.057566667,.,.,IF,N,18,Fix,12,CLAEP ,17,49.717,.,ug/mL,1,.,.,ug/g,.,.,kg/d,.,L/d,3000,.,ug/kg bw/d
12,Ha Thi Ngo et al. ,2014,"In utero exposure to perfluorooctanoate (PFOA) or perfluorooctane
sulfonate (PFOS) did not increase body weight or intestinal
tumorigenesis in multiple intestinal neoplasia (Min/þ) mice",Environmental Research,132,251-263,Norway,EU,mice,1.727,30,0.057566667,.,.,IF,N,18,Fix,12,CLANEP,17,0.000025,.,ug/mL,1,.,.,ug/g,.,.,kg/d,.,L/d,0.000025,.,ug/kg bw/d
12,Ha Thi Ngo et al. ,2014,"In utero exposure to perfluorooctanoate (PFOA) or perfluorooctane
sulfonate (PFOS) did not increase body weight or intestinal
tumorigenesis in multiple intestinal neoplasia (Min/þ) mice",Environmental Research,132,251-263,Norway,EU,mice,1.727,30,0.057566667,.,.,IF,Y,18,Fix,12,CLAEP ,38,0.866,.,ug/mL,1,.,.,ug/g,.,.,kg/d,.,L/d,100,.,ug/kg bw/d
12,Ha Thi Ngo et al. ,2014,"In utero exposure to perfluorooctanoate (PFOA) or perfluorooctane
sulfonate (PFOS) did not increase body weight or intestinal
tumorigenesis in multiple intestinal neoplasia (Min/þ) mice",Environmental Research,132,251-263,Norway,EU,mice,1.727,30,0.057566667,.,.,IF,Y,18,Fix,12,CLAEP ,38,0.799,.,ug/mL,1,.,.,ug/g,.,.,kg/d,.,L/d,100,.,ug/kg bw/d
12,Ha Thi Ngo et al. ,2014,"In utero exposure to perfluorooctanoate (PFOA) or perfluorooctane
sulfonate (PFOS) did not increase body weight or intestinal
tumorigenesis in multiple intestinal neoplasia (Min/þ) mice",Environmental Research,132,251-263,Norway,EU,mice,1.727,30,0.057566667,.,.,IF,Y,18,Fix,12,CLAEP ,38,14.498,.,ug/mL,1,.,.,ug/g,.,.,kg/d,.,L/d,3000,.,ug/kg bw/d
12,Ha Thi Ngo et al. ,2014,"In utero exposure to perfluorooctanoate (PFOA) or perfluorooctane
sulfonate (PFOS) did not increase body weight or intestinal
tumorigenesis in multiple intestinal neoplasia (Min/þ) mice",Environmental Research,132,251-263,Norway,EU,mice,1.727,30,0.057566667,.,.,IF,Y,18,Fix,12,CLAEP ,38,12.663,.,ug/mL,1,.,.,ug/g,.,.,kg/d,.,L/d,3000,.,ug/kg bw/d
12,Ha Thi Ngo et al. ,2014,"In utero exposure to perfluorooctanoate (PFOA) or perfluorooctane
sulfonate (PFOS) did not increase body weight or intestinal
tumorigenesis in multiple intestinal neoplasia (Min/þ) mice",Environmental Research,132,251-263,Norway,EU,mice,2.185,30,0.072833333,.,.,IF,N,18,Fix,12,CLAEP ,17,0.194,,ug/mL,1,.,.,ug/g,.,.,kg/d,.,L/d,10,.,ug/kg bw/d
12,Ha Thi Ngo et al. ,2014,"In utero exposure to perfluorooctanoate (PFOA) or perfluorooctane
sulfonate (PFOS) did not increase body weight or intestinal
tumorigenesis in multiple intestinal neoplasia (Min/þ) mice",Environmental Research,132,251-263,Norway,EU,mice,2.185,30,0.072833333,.,.,IF,Y,18,Fix,12,CLAEP ,42,0.09,,ug/mL,1,.,.,ug/g,.,.,kg/d,.,L/d,10,.,ug/kg bw/d
12,Ha Thi Ngo et al. ,2014,"In utero exposure to perfluorooctanoate (PFOA) or perfluorooctane
sulfonate (PFOS) did not increase body weight or intestinal
tumorigenesis in multiple intestinal neoplasia (Min/þ) mice",Environmental Research,132,251-263,Norway,EU,mice,2.185,30,0.072833333,.,.,IF,Y,18,Fix,12,CLAEP ,42,0.067,,ug/mL,1,.,.,ug/g,.,.,kg/d,.,L/d,10,.,ug/kg bw/d
13,Yang et al.,2021,Perfluorooctanesulfonate and perfluorooctanoate exacerbate airway inflammation in asthmatic mice and in vitro,Science of the Total Environment,766,142365,China,ASIA,Mice,1.75,30,0.058333333,0.02,0.002,IM,N,19,Fix,13,CLAEP ,28,6.38,1.23,ug/mL,6,.,.,ug/g,.,0.0014,kg/d,0.0021,L/d,7000,.,ug/kg bw/d
13,Yang et al.,2021,Perfluorooctanesulfonate and perfluorooctanoate exacerbate airway inflammation in asthmatic mice and in vitro,Science of the Total Environment,766,142365,China,ASIA,Mice,1.75,30,0.058333333,0.02,0.002,IM,N,19,Fix,13,CLAEP ,28,60.38,6.32,ug/mL,6,.,.,ug/g,.,0.0014,kg/d,0.0021,L/d,70000,.,ug/kg bw/d
13,Yang et al.,2021,Perfluorooctanesulfonate and perfluorooctanoate exacerbate airway inflammation in asthmatic mice and in vitro,Science of the Total Environment,766,142365,China,ASIA,Mice,1.75,30,0.058333333,0.02,0.002,IM,N,19,Fix,13,CLANEP,28,0.000025,0.000001,ug/mL,6,.,.,ug/g,.,0.0014,kg/d,0.0021,L/d,0.000025,.,ug/kg bw/d
14,Roth et al.,2021,"Exposure to a mixture of legacy, alternative, and replacement per- and polyfluoroalkyl substances (PFAS) results in sex-dependent modulation of cholesterol metabolism and liver injury",Environment International,157,106843,USA,NAM,Mice,1.609,30,0.053633333,0.025,0.003,IM,N,20,Fix,14,CLAEP ,84,7.3,1.8,ug/mL,3,.,.,ug/g,.,0.0031,kg/d,0.004,L/d,320,.,ug/kg bw/d
14,Roth et al.,2021,"Exposure to a mixture of legacy, alternative, and replacement per- and polyfluoroalkyl substances (PFAS) results in sex-dependent modulation of cholesterol metabolism and liver injury",Environment International,157,106843,USA,NAM,mice,1.609,30,0.053633333,0.019,0.002,IF,N,20,Fix,14,CLAEP ,84,23.4,9,ug/mL,3,.,.,ug/g,.,0.0027,kg/d,0.005,L/d,320,.,ug/kg bw/d
15,Zhang et al.,2023,Accumulation and glucocorticoid signaling suppression by four emerging perfluoroethercarboxylic acids based on animal exposure and cell testing,Environment International,178,108092,China,ASIA,Mice,1.61,30,0.053666667,0.03,.,IM,N,21,Fix,15,CLAEP ,140,0.055,.,ug/mL,.,0.1295,.,ug/g,.,0.0021,kg/d,0.0031,L/d,0.4,.,ug/kg bw/d
15,Zhang et al.,2023,Accumulation and glucocorticoid signaling suppression by four emerging perfluoroethercarboxylic acids based on animal exposure and cell testing,Environment International,178,108092,China,ASIA,Mice,1.61,30,0.053666667,0.03,.,IM,N,21,Fix,15,CLAEP ,140,0.2185,0.053,ug/mL,.,0.4856,.,ug/g,.,0.0021,kg/d,0.0031,L/d,2,.,ug/kg bw/d
15,Zhang et al.,2023,Accumulation and glucocorticoid signaling suppression by four emerging perfluoroethercarboxylic acids based on animal exposure and cell testing,Environment International,178,108092,China,ASIA,Mice,1.61,30,0.053666667,0.028,.,IM,N,21,Fix,15,CLAEP ,140,0.6496,0.158,ug/mL,.,2.7302,.,ug/g,.,0.002,kg/d,0.003,L/d,10,.,ug/kg bw/d
16,Yanrong Su et al. ,2022,"Effects of Pubertal Exposure to Butyl Benzyl Phthalate,
Perfluorooctanoic Acid, and Zeranol on Mammary Gland
Development and Tumorigenesis in Rats",International Journal of Molecular Sciences,23,1398,USA,NAM,rat,.,25,.,0.042,.,IF,N,22,Fix,16,CLAEP ,21,0.0108,0.006,ug/mL,10,.,.,ug/g,.,0.0029,kg/d,0.0044,L/d,10,.,ug/kg bw/d
16,Yanrong Su et al. ,2022,"Effects of Pubertal Exposure to Butyl Benzyl Phthalate,
Perfluorooctanoic Acid, and Zeranol on Mammary Gland
Development and Tumorigenesis in Rats",International Journal of Molecular Sciences,23,1398,USA,NAM,rat,.,25,.,0.044,.,IF,N,22,Fix,16,CLAEP ,21,0.072,0.02,ug/mL,10,.,.,ug/g,.,0.0031,kg/d,0.0046,L/d,100,.,ug/kg bw/d
17,Yukiko Fujii et al. ,2020,"Lactational Transfer of Long-Chain Perfluorinated
Carboxylic Acids in Mice: A Method to Directly
Collect Milk and Evaluate Chemical Transferability",Toxics,8,23,Japan,ASIA,mice,.,30,.,.,.,IF,Y,23,Fix,17,CLAEP ,1,5.7059,0.915,ug/mL,12,.,.,ug/g,.,.,kg/d,.,L/d,1296,.,ug/kg bw/d
18,Yong Zhao et al.,2012,"Perfluorooctanoic acid effects on ovaries mediate its inhibition of peripubertal
mammary gland development in Balb/c and C57Bl/6 mice",Reproductive Toxicology,33,563-576,USA,NAM,mice,0.69,30,0.02301496,0.01,0.001,IF,N,24,Fix,18,CLAEP ,28,29.46,3.25,ug/mL,5,.,.,ug/g,.,0.00071,kg/d,0.00107,L/d,1000,.,ug/kg bw/d
18,Yong Zhao et al.,2012,"Perfluorooctanoic acid effects on ovaries mediate its inhibition of peripubertal
mammary gland development in Balb/c and C57Bl/6 mice",Reproductive Toxicology,33,563-576,USA,NAM,mice,0.69,30,0.02301496,0.01,0.001,IF,N,24,Fix,18,CLAEP ,28,25.71,6.11,ug/mL,5,.,.,ug/g,.,0.00069,kg/d,0.00104,L/d,1000,.,ug/kg bw/d
18,Yong Zhao et al.,2012,"Perfluorooctanoic acid effects on ovaries mediate its inhibition of peripubertal
mammary gland development in Balb/c and C57Bl/6 mice",Reproductive Toxicology,33,563-576,USA,NAM,mice,0.69,30,0.02301496,0.01,0.001,IF,N,24,Fix,18,CLAEP ,28,51.33,6.8,ug/mL,5,.,.,ug/g,.,0.00071,kg/d,0.00107,L/d,2500,.,ug/kg bw/d
18,Yong Zhao et al.,2012,"Perfluorooctanoic acid effects on ovaries mediate its inhibition of peripubertal
mammary gland development in Balb/c and C57Bl/6 mice",Reproductive Toxicology,33,563-576,USA,NAM,mice,0.69,30,0.02301496,0.01,0.001,IF,N,24,Fix,18,CLAEP ,28,108.87,11.63,ug/mL,5,.,.,ug/g,.,0.00071,kg/d,0.00107,L/d,5000,.,ug/kg bw/d
18,Yong Zhao et al.,2012,"Perfluorooctanoic acid effects on ovaries mediate its inhibition of peripubertal
mammary gland development in Balb/c and C57Bl/6 mice",Reproductive Toxicology,33,563-576,USA,NAM,mice,0.69,30,0.02301496,0.01,0.001,IF,N,24,Fix,18,CLAEP ,28,68.18,10.15,ug/mL,5,.,.,ug/g,.,0.00069,kg/d,0.00104,L/d,5000,.,ug/kg bw/d
18,Yong Zhao et al.,2012,"Perfluorooctanoic acid effects on ovaries mediate its inhibition of peripubertal
mammary gland development in Balb/c and C57Bl/6 mice",Reproductive Toxicology,33,563-576,USA,NAM,mice,0.69,30,0.02301496,0.01,0.002,IF,N,24,Fix,18,CLAEP ,28,26.9,2.27,ug/mL,5,.,.,ug/g,.,0.00073,kg/d,0.0011,L/d,5000,.,ug/kg bw/d
18,Yong Zhao et al.,2012,"Perfluorooctanoic acid effects on ovaries mediate its inhibition of peripubertal
mammary gland development in Balb/c and C57Bl/6 mice",Reproductive Toxicology,33,563-576,USA,NAM,mice,0.69,30,0.02301496,0.01,0.001,IF,N,24,Fix,18,CLAEP ,28,93.4,9.66,ug/mL,5,.,.,ug/g,.,0.00069,kg/d,0.00104,L/d,7500,.,ug/kg bw/d
18,Yong Zhao et al.,2012,"Perfluorooctanoic acid effects on ovaries mediate its inhibition of peripubertal
mammary gland development in Balb/c and C57Bl/6 mice",Reproductive Toxicology,33,563-576,USA,NAM,mice,0.69,30,0.02301496,0.01,0.002,IF,N,24,Fix,18,CLAEP ,28,37.93,7.19,ug/mL,5,.,.,ug/g,.,0.00073,kg/d,0.0011,L/d,7500,.,ug/kg bw/d
18,Yong Zhao et al.,2012,"Perfluorooctanoic acid effects on ovaries mediate its inhibition of peripubertal
mammary gland development in Balb/c and C57Bl/6 mice",Reproductive Toxicology,33,563-576,USA,NAM,mice,0.69,30,0.02301496,0.138,0.001,IF,N,24,Fix,18,CLAEP ,28,96.55,9.95,ug/mL,5,.,.,ug/g,.,0.00966,kg/d,0.01449,L/d,10000,.,ug/kg bw/d
18,Yong Zhao et al.,2012,"Perfluorooctanoic acid effects on ovaries mediate its inhibition of peripubertal
mammary gland development in Balb/c and C57Bl/6 mice",Reproductive Toxicology,33,563-576,USA,NAM,mice,0.69,30,0.02301496,0.138,0.001,IF,N,24,Fix,18,CLANEP,28,0.000025,,ug/mL,5,.,.,ug/g,.,0.00966,kg/d,0.01449,L/d,0.000025,.,ug/kg bw/d
19,Hinderliter et al. ,2005,"Perfluorooctanoate: Placental and lactational transport
pharmacokinetics in rats",Toxicology ,211,139-148,USA,NAM,rat,2.07,25,0.0828,0.138,.,IF,N,25,Fix,19,CLAEP ,6,8.53,1.06,ug/mL,5,.,.,ug/g,.,0.00966,kg/d,0.01449,L/d,3000,.,ug/kg bw/d
19,Hinderliter et al. ,2005,"Perfluorooctanoate: Placental and lactational transport
pharmacokinetics in rats",Toxicology ,211,139-148,USA,NAM,rat,2.07,25,0.0828,0.138,.,IF,N,25,Fix,19,CLAEP ,11,15.9,13,ug/mL,5,.,.,ug/g,.,0.00966,kg/d,0.01449,L/d,3000,.,ug/kg bw/d
19,Hinderliter et al. ,2005,"Perfluorooctanoate: Placental and lactational transport
pharmacokinetics in rats",Toxicology ,211,139-148,USA,NAM,rat,2.07,25,0.0828,0.138,.,IF,N,25,Fix,19,CLAEP ,17,14,2.27,ug/mL,5,.,.,ug/g,.,0.00966,kg/d,0.01449,L/d,3000,.,ug/kg bw/d
19,Hinderliter et al. ,2005,"Perfluorooctanoate: Placental and lactational transport
pharmacokinetics in rats",Toxicology ,211,139-148,USA,NAM,rat,2.07,25,0.0828,0.138,.,IF,Y,25,Fix,19,CLAEP ,20,11,2.11,ug/mL,5,.,.,ug/g,.,0.00966,kg/d,0.01449,L/d,3000,.,ug/kg bw/d
19,Hinderliter et al. ,2005,"Perfluorooctanoate: Placental and lactational transport
pharmacokinetics in rats",Toxicology ,211,139-148,USA,NAM,rat,2.07,25,0.0828,0.138,.,IF,Y,25,Fix,19,CLAEP ,24,10.1,2.9,ug/mL,5,.,.,ug/g,.,0.00966,kg/d,0.01449,L/d,3000,.,ug/kg bw/d
19,Hinderliter et al. ,2005,"Perfluorooctanoate: Placental and lactational transport
pharmacokinetics in rats",Toxicology ,211,139-148,USA,NAM,rat,2.07,25,0.0828,0.138,.,IF,Y,25,Fix,19,CLAEP ,31,9.69,0.92,ug/mL,5,.,.,ug/g,.,0.00966,kg/d,0.01449,L/d,3000,.,ug/kg bw/d
19,Hinderliter et al. ,2005,"Perfluorooctanoate: Placental and lactational transport
pharmacokinetics in rats",Toxicology ,211,139-148,USA,NAM,rat,2.07,25,0.0828,0.138,.,IF,Y,25,Fix,19,CLAEP ,38,9.04,1.01,ug/mL,5,.,.,ug/g,.,0.00966,kg/d,0.01449,L/d,3000,.,ug/kg bw/d
19,Hinderliter et al. ,2005,"Perfluorooctanoate: Placental and lactational transport
pharmacokinetics in rats",Toxicology ,211,139-148,USA,NAM,rat,2.07,25,0.0828,0.138,.,IF,N,25,Fix,19,CLAEP ,6,23.2,2.15,ug/mL,5,.,.,ug/g,.,0.00966,kg/d,0.01449,L/d,10000,.,ug/kg bw/d
19,Hinderliter et al. ,2005,"Perfluorooctanoate: Placental and lactational transport
pharmacokinetics in rats",Toxicology ,211,139-148,USA,NAM,rat,2.07,25,0.0828,0.138,.,IF,N,25,Fix,19,CLAEP ,11,29.4,14.2,ug/mL,5,.,.,ug/g,.,0.00966,kg/d,0.01449,L/d,10000,.,ug/kg bw/d
19,Hinderliter et al. ,2005,"Perfluorooctanoate: Placental and lactational transport
pharmacokinetics in rats",Toxicology ,211,139-148,USA,NAM,rat,2.07,25,0.0828,0.138,.,IF,N,25,Fix,19,CLAEP ,17,34.2,6.68,ug/mL,5,.,.,ug/g,.,0.00966,kg/d,0.01449,L/d,10000,.,ug/kg bw/d
19,Hinderliter et al. ,2005,"Perfluorooctanoate: Placental and lactational transport
pharmacokinetics in rats",Toxicology ,211,139-148,USA,NAM,rat,2.07,25,0.0828,0.138,.,IF,Y,25,Fix,19,CLAEP ,20,22.5,2.74,ug/mL,5,.,.,ug/g,.,0.00966,kg/d,0.01449,L/d,10000,.,ug/kg bw/d
19,Hinderliter et al. ,2005,"Perfluorooctanoate: Placental and lactational transport
pharmacokinetics in rats",Toxicology ,211,139-148,USA,NAM,rat,2.07,25,0.0828,0.138,.,IF,Y,25,Fix,19,CLAEP ,24,25.8,2.07,ug/mL,5,.,.,ug/g,.,0.00966,kg/d,0.01449,L/d,10000,.,ug/kg bw/d
19,Hinderliter et al. ,2005,"Perfluorooctanoate: Placental and lactational transport
pharmacokinetics in rats",Toxicology ,211,139-148,USA,NAM,rat,2.07,25,0.0828,0.138,.,IF,Y,25,Fix,19,CLAEP ,31,23.8,2.81,ug/mL,5,.,.,ug/g,.,0.00966,kg/d,0.01449,L/d,10000,.,ug/kg bw/d
19,Hinderliter et al. ,2005,"Perfluorooctanoate: Placental and lactational transport
pharmacokinetics in rats",Toxicology ,211,139-148,USA,NAM,rat,2.07,25,0.0828,0.138,.,IF,Y,25,Fix,19,CLAEP ,38,28.8,5.15,ug/mL,5,.,.,ug/g,.,0.00966,kg/d,0.01449,L/d,10000,.,ug/kg bw/d
19,Hinderliter et al. ,2005,"Perfluorooctanoate: Placental and lactational transport
pharmacokinetics in rats",Toxicology ,211,139-148,USA,NAM,rat,2.07,25,0.0828,0.138,.,IF,N,25,Fix,19,CLAEP ,6,70.5,8.94,ug/mL,5,.,.,ug/g,.,0.00966,kg/d,0.01449,L/d,30000,.,ug/kg bw/d
19,Hinderliter et al. ,2005,"Perfluorooctanoate: Placental and lactational transport
pharmacokinetics in rats",Toxicology ,211,139-148,USA,NAM,rat,2.07,25,0.0828,0.138,.,IF,N,25,Fix,19,CLAEP ,11,79.6,3.11,ug/mL,5,.,.,ug/g,.,0.00966,kg/d,0.01449,L/d,30000,.,ug/kg bw/d
19,Hinderliter et al. ,2005,"Perfluorooctanoate: Placental and lactational transport
pharmacokinetics in rats",Toxicology ,211,139-148,USA,NAM,rat,2.07,25,0.0828,0.138,.,IF,N,25,Fix,19,CLAEP ,17,76.4,14.8,ug/mL,5,.,.,ug/g,.,0.00966,kg/d,0.01449,L/d,30000,.,ug/kg bw/d
19,Hinderliter et al. ,2005,"Perfluorooctanoate: Placental and lactational transport
pharmacokinetics in rats",Toxicology ,211,139-148,USA,NAM,rat,2.07,25,0.0828,0.138,.,IF,Y,25,Fix,19,CLAEP ,20,54.4,17.9,ug/mL,5,.,.,ug/g,.,0.00966,kg/d,0.01449,L/d,30000,.,ug/kg bw/d
19,Hinderliter et al. ,2005,"Perfluorooctanoate: Placental and lactational transport
pharmacokinetics in rats",Toxicology ,211,139-148,USA,NAM,rat,2.07,25,0.0828,0.138,.,IF,Y,25,Fix,19,CLAEP ,24,66.9,11.8,ug/mL,5,.,.,ug/g,.,0.00966,kg/d,0.01449,L/d,30000,.,ug/kg bw/d
19,Hinderliter et al. ,2005,"Perfluorooctanoate: Placental and lactational transport
pharmacokinetics in rats",Toxicology ,211,139-148,USA,NAM,rat,2.07,25,0.0828,0.138,.,IF,Y,25,Fix,19,CLAEP ,31,54.7,11.6,ug/mL,5,.,.,ug/g,.,0.00966,kg/d,0.01449,L/d,30000,.,ug/kg bw/d
19,Hinderliter et al. ,2005,"Perfluorooctanoate: Placental and lactational transport
pharmacokinetics in rats",Toxicology ,211,139-148,USA,NAM,rat,2.07,25,0.0828,0.138,.,IF,Y,25,Fix,19,CLAEP ,38,64.1,1.45,ug/mL,5,.,.,ug/g,.,0.00966,kg/d,0.01449,L/d,30000,.,ug/kg bw/d
20,Xuejingping Han et al.,2022,Low Levels of Perfluorooctanoic Acid Exposure Activates Steroid Hormone Biosynthesis through Repressing Histone Methylation in Rats,Environ. Sci. Technol.,56,5664-5672,China,ASIA,rat,2.3,25,0.3701,0.37,0.01303,IM,N,26,Fix,20,CLAEP ,61,3.53,1.28,ug/mL,10,.,.,ug/g,.,0.02591,kg/d,0.03886,L/d,15,.,ug/kg bw/d
20,Xuejingping Han et al.,2022,Low Levels of Perfluorooctanoic Acid Exposure Activates Steroid Hormone Biosynthesis through Repressing Histone Methylation in Rats,Environ. Sci. Technol.,56,5664-5672,China,ASIA,rat,2.3,25,0.3716,0.372,0.01859,IM,N,26,Fix,20,CLAEP ,61,7.861,1.68,ug/mL,10,.,.,ug/g,.,0.02601,kg/d,0.03902,L/d,150,.,ug/kg bw/d
20,Xuejingping Han et al.,2022,Low Levels of Perfluorooctanoic Acid Exposure Activates Steroid Hormone Biosynthesis through Repressing Histone Methylation in Rats,Environ. Sci. Technol.,56,5664-5672,China,ASIA,rat,2.3,25,0.3716,0.374,0.017,IM,N,26,Fix,20,CLANEP,61,0.000025,0,ug/mL,10,.,.,ug/g,.,0.0262,kg/d,0.0393,L/d,0.000025,.,ug/kg bw/d
21,Hua Guo et al. ,2022,Exposure to GenX and Its Novel Analogs Disrupts Hepatic Bile Acid Metabolism in Male Mice,Environ. Sci. Technol.,56,6133-6143,China,ASIA,Mice,1.61,30,0.3716,0.022,.,IM,N,27,Fix,21,CLANEP,28,1.73,,ug/mL,6,0,.,ug/g,6,0.00154,kg/d,0.00231,L/d,0.000025,.,ug/kg bw/d
21,Hua Guo et al. ,2022,Exposure to GenX and Its Novel Analogs Disrupts Hepatic Bile Acid Metabolism in Male Mice,Environ. Sci. Technol.,56,6133-6143,China,ASIA,Mice,1.61,30,0.3716,0.022,.,IM,N,27,Fix,21,CLAEP ,28,12.84,10.43,ug/mL,6,23.92344498,.,ug/g,6,0.00154,kg/d,0.00231,L/d,400,.,ug/kg bw/d
21,Hua Guo et al. ,2022,Exposure to GenX and Its Novel Analogs Disrupts Hepatic Bile Acid Metabolism in Male Mice,Environ. Sci. Technol.,56,6133-6143,China,ASIA,Mice,1.61,30,0.3716,0.022,.,IM,N,27,Fix,21,CLAEP ,28,63.24,26.48,ug/mL,6,77.32057416,22.5024895,ug/g,6,0.00154,kg/d,0.00231,L/d,2000,.,ug/kg bw/d
21,Hua Guo et al. ,2022,Exposure to GenX and Its Novel Analogs Disrupts Hepatic Bile Acid Metabolism in Male Mice,Environ. Sci. Technol.,56,6133-6143,China,ASIA,Mice,1.61,30,0.3716,0.022,.,IM,N,27,Fix,21,CLAEP ,28,87.3,30.45,ug/mL,6,120.9569378,45.00497901,ug/g,6,0.00154,kg/d,0.00231,L/d,10000,.,ug/kg bw/d
22,Marques et al.,2021,The role of maternal high fat diet on mouse pup metabolic endpoints following perinatal PFAS and PFAS mixture exposure,Toxicology,462,NA,USA,NAM,mice,1.319,30,0.043966667,0.034,.,IF,Y,28,Fix,22,CLAEP,40,139.2,16.86,ug/mL,4,.,.,ug/g,.,0.006517,kg/d,0.008575,L/d,1000,.,ug/kg bw/d
22,Marques et al.,2021,The role of maternal high fat diet on mouse pup metabolic endpoints following perinatal PFAS and PFAS mixture exposure,Toxicology,462,NA,USA,NAM,mice,1.319,30,0.043966667,0.032,.,IF,Y,28,Fix,22,CLAEP,40,115.2,18.46,ug/mL,4,.,.,ug/g,.,0.006061,kg/d,0.007975,L/d,1000,.,ug/kg bw/d
22,Marques et al.,2021,The role of maternal high fat diet on mouse pup metabolic endpoints following perinatal PFAS and PFAS mixture exposure,Toxicology,462,NA,USA,NAM,mice,1.319,30,0.043966667,0.032,.,IF,Y,28,Fix,22,CLANEP,40,0.0025,0.000001,ug/mL,4,.,.,ug/g,.,0.006061,kg/d,0.007975,L/d,0.000025,.,ug/kg bw/d
23,Naomi Kudo et al. ,2002,Sex hormone-regulated renal transport of perfluorooctanoic acid,Chemico-Biological Interactions,139,301-316,Japan,ASIA,rat,2.07,25,0.0828,0.28,.,IM,N,29,Fix,23,CLAEP ,1,149.41,.,ug/mL,4,.,.,ug/g,.,0.0196,kg/d,0.0294,L/d,20136.22,.,ug/kg bw/d
23,Naomi Kudo et al. ,2002,Sex hormone-regulated renal transport of perfluorooctanoic acid,Chemico-Biological Interactions,139,301-316,Japan,ASIA,rat,2.07,25,0.0828,0.28,.,IM,N,29,Fix,23,CLAEP ,1,105.54,.,ug/mL,4,.,.,ug/g,.,0.0196,kg/d,0.0294,L/d,20136.22,.,ug/kg bw/d
23,Naomi Kudo et al. ,2002,Sex hormone-regulated renal transport of perfluorooctanoic acid,Chemico-Biological Interactions,139,301-316,Japan,ASIA,rat,2.07,25,0.0828,0.28,.,IM,N,29,Fix,23,CLAEP ,1,91.42,.,ug/mL,4,.,.,ug/g,.,0.0196,kg/d,0.0294,L/d,20136.22,.,ug/kg bw/d
23,Naomi Kudo et al. ,2002,Sex hormone-regulated renal transport of perfluorooctanoic acid,Chemico-Biological Interactions,139,301-316,Japan,ASIA,rat,2.07,25,0.0828,0.28,.,IM,N,29,Fix,23,CLAEP ,1,63.06,.,ug/mL,4,.,.,ug/g,.,0.0196,kg/d,0.0294,L/d,20136.22,.,ug/kg bw/d
23,Naomi Kudo et al. ,2002,Sex hormone-regulated renal transport of perfluorooctanoic acid,Chemico-Biological Interactions,139,301-316,Japan,ASIA,rat,2.07,25,0.0828,0.28,.,IM,N,29,Fix,23,CLAEP ,1,44.58,.,ug/mL,4,.,.,ug/g,.,0.0196,kg/d,0.0294,L/d,20136.22,.,ug/kg bw/d
23,Naomi Kudo et al. ,2002,Sex hormone-regulated renal transport of perfluorooctanoic acid,Chemico-Biological Interactions,139,301-316,Japan,ASIA,rat,2.07,25,0.0828,0.28,.,IM,N,29,Fix,23,CLAEP ,1,35.53,10.18,ug/mL,4,.,.,ug/g,.,0.0196,kg/d,0.0294,L/d,20136.22,.,ug/kg bw/d
23,Naomi Kudo et al. ,2002,Sex hormone-regulated renal transport of perfluorooctanoic acid,Chemico-Biological Interactions,139,301-316,Japan,ASIA,rat,2.07,25,0.0828,0.28,.,IM,N,29,Fix,23,CLAEP ,1,30.07,9.55,ug/mL,4,.,.,ug/g,.,0.0196,kg/d,0.0294,L/d,20136.22,.,ug/kg bw/d
23,Naomi Kudo et al. ,2002,Sex hormone-regulated renal transport of perfluorooctanoic acid,Chemico-Biological Interactions,139,301-316,Japan,ASIA,rat,2.07,25,0.0828,0.28,.,IM,N,29,Fix,23,CLAEP ,1,21.66,6.04,ug/mL,4,.,.,ug/g,.,0.0196,kg/d,0.0294,L/d,20136.22,.,ug/kg bw/d
23,Naomi Kudo et al. ,2002,Sex hormone-regulated renal transport of perfluorooctanoic acid,Chemico-Biological Interactions,139,301-316,Japan,ASIA,rat,2.07,25,0.0828,0.28,.,IM,N,29,Fix,23,CLAEP ,1,17.28,4.82,ug/mL,4,.,.,ug/g,.,0.0196,kg/d,0.0294,L/d,20136.22,.,ug/kg bw/d
23,Naomi Kudo et al. ,2002,Sex hormone-regulated renal transport of perfluorooctanoic acid,Chemico-Biological Interactions,139,301-316,Japan,ASIA,rat,2.07,25,0.0828,0.28,.,IM,N,29,Fix,23,CLAEP ,1,13.06,4.57,ug/mL,4,.,.,ug/g,.,0.0196,kg/d,0.0294,L/d,20136.22,.,ug/kg bw/d
23,Naomi Kudo et al. ,2002,Sex hormone-regulated renal transport of perfluorooctanoic acid,Chemico-Biological Interactions,139,301-316,Japan,ASIA,rat,2.07,25,0.0828,0.28,.,IM,N,29,Fix,23,CLAEP ,1,10.67,3.91,ug/mL,4,.,.,ug/g,.,0.0196,kg/d,0.0294,L/d,20136.22,.,ug/kg bw/d
23,Naomi Kudo et al. ,2002,Sex hormone-regulated renal transport of perfluorooctanoic acid,Chemico-Biological Interactions,139,301-316,Japan,ASIA,rat,2.07,25,0.0828,0.213,.,IF,N,29,Fix,23,CLAEP ,1,135.74,.,ug/mL,4,.,.,ug/g,.,0.01488,kg/d,0.02231,L/d,20136.22,.,ug/kg bw/d
23,Naomi Kudo et al. ,2002,Sex hormone-regulated renal transport of perfluorooctanoic acid,Chemico-Biological Interactions,139,301-316,Japan,ASIA,rat,2.07,25,0.0828,0.213,.,IF,N,29,Fix,23,CLAEP ,1,100.58,.,ug/mL,4,.,.,ug/g,.,0.01488,kg/d,0.02231,L/d,20136.22,.,ug/kg bw/d
23,Naomi Kudo et al. ,2002,Sex hormone-regulated renal transport of perfluorooctanoic acid,Chemico-Biological Interactions,139,301-316,Japan,ASIA,rat,2.07,25,0.0828,0.213,.,IF,N,29,Fix,23,CLAEP ,1,59.7,.,ug/mL,4,.,.,ug/g,.,0.01488,kg/d,0.02231,L/d,20136.22,.,ug/kg bw/d
23,Naomi Kudo et al. ,2002,Sex hormone-regulated renal transport of perfluorooctanoic acid,Chemico-Biological Interactions,139,301-316,Japan,ASIA,rat,2.07,25,0.0828,0.213,.,IF,N,29,Fix,23,CLAEP ,1,10,9.224,ug/mL,4,.,.,ug/g,.,0.01488,kg/d,0.02231,L/d,20136.22,.,ug/kg bw/d
23,Naomi Kudo et al. ,2002,Sex hormone-regulated renal transport of perfluorooctanoic acid,Chemico-Biological Interactions,139,301-316,Japan,ASIA,rat,2.07,25,0.0828,0.213,.,IF,N,29,Fix,23,CLAEP ,1,1.52,1.66,ug/mL,4,.,.,ug/g,.,0.01488,kg/d,0.02231,L/d,20136.22,.,ug/kg bw/d
23,Naomi Kudo et al. ,2002,Sex hormone-regulated renal transport of perfluorooctanoic acid,Chemico-Biological Interactions,139,301-316,Japan,ASIA,rat,2.07,25,0.0828,0.213,.,IF,N,29,Fix,23,CLAEP ,1,0.21,0.297,ug/mL,4,.,.,ug/g,.,0.01488,kg/d,0.02231,L/d,20136.22,.,ug/kg bw/d
23,Naomi Kudo et al. ,2002,Sex hormone-regulated renal transport of perfluorooctanoic acid,Chemico-Biological Interactions,139,301-316,Japan,ASIA,rat,2.07,25,0.0828,0.213,.,IF,N,29,Fix,23,CLAEP ,1,0.17,0.236,ug/mL,4,.,.,ug/g,.,0.01488,kg/d,0.02231,L/d,20136.22,.,ug/kg bw/d
23,Naomi Kudo et al. ,2002,Sex hormone-regulated renal transport of perfluorooctanoic acid,Chemico-Biological Interactions,139,301-316,Japan,ASIA,rat,2.07,25,0.0828,0.213,.,IF,N,29,Fix,23,CLAEP ,1,0.08,0.1,ug/mL,4,.,.,ug/g,.,0.01488,kg/d,0.02231,L/d,20136.22,.,ug/kg bw/d
24,Fasano et al. ,2009,"Kinetics of 8-2 fluorotelomer alcohol and its metabolites, and liver glutathione status following daily oral dosing for 45 days in male and female rats",Chemico-Biological Interactions,180,281-295,USA,NAM,rat,.,25,.,0.196,0.008,IM,N,21,Fix,18,CLANEP,1,0.002,.,ug/mL,3,0.001,.,ug/g,3,0.01373,kg/d,0.0206,L/d,0.000025,.,ug/kg bw/d
24,Fasano et al. ,2009,"Kinetics of 8-2 fluorotelomer alcohol and its metabolites, and liver glutathione status following daily oral dosing for 45 days in male and female rats",Chemico-Biological Interactions,180,281-295,USA,NAM,rat,.,25,.,0.196,0.008,IM,N,21,Fix,18,CLANEP,8,0.003,.,ug/mL,3,0.006,.,ug/g,3,0.01373,kg/d,0.0206,L/d,0.000025,.,ug/kg bw/d
24,Fasano et al. ,2009,"Kinetics of 8-2 fluorotelomer alcohol and its metabolites, and liver glutathione status following daily oral dosing for 45 days in male and female rats",Chemico-Biological Interactions,180,281-295,USA,NAM,rat,.,25,.,0.196,0.008,IM,N,21,Fix,18,CLANEP,25,0.007,.,ug/mL,3,0.023,.,ug/g,3,0.01373,kg/d,0.0206,L/d,0.000025,.,ug/kg bw/d
24,Fasano et al. ,2009,"Kinetics of 8-2 fluorotelomer alcohol and its metabolites, and liver glutathione status following daily oral dosing for 45 days in male and female rats",Chemico-Biological Interactions,180,281-295,USA,NAM,rat,.,25,.,0.196,0.008,IM,N,21,Fix,18,CLANEP,45,0.041,0.027,ug/mL,3,0.079,.,ug/g,3,0.01373,kg/d,0.0206,L/d,0.000025,.,ug/kg bw/d
24,Fasano et al. ,2009,"Kinetics of 8-2 fluorotelomer alcohol and its metabolites, and liver glutathione status following daily oral dosing for 45 days in male and female rats",Chemico-Biological Interactions,180,281-295,USA,NAM,rat,.,25,.,0.196,0.008,IM,N,21,Fix,18,CLANEP,53,0.107,0.1377,ug/mL,3,.,.,ug/g,.,0.01373,kg/d,0.0206,L/d,0.000025,.,ug/kg bw/d
24,Fasano et al. ,2009,"Kinetics of 8-2 fluorotelomer alcohol and its metabolites, and liver glutathione status following daily oral dosing for 45 days in male and female rats",Chemico-Biological Interactions,180,281-295,USA,NAM,rat,.,25,.,0.196,0.008,IM,N,21,Fix,18,CLAEP ,1,0.026,.,ug/mL,3,0.034,.,ug/g,3,0.01373,kg/d,0.0206,L/d,5000,.,ug/kg bw/d
24,Fasano et al. ,2009,"Kinetics of 8-2 fluorotelomer alcohol and its metabolites, and liver glutathione status following daily oral dosing for 45 days in male and female rats",Chemico-Biological Interactions,180,281-295,USA,NAM,rat,.,25,.,0.196,0.008,IM,N,21,Fix,18,CLAEP ,8,0.417,0.1277,ug/mL,3,0.803,0.192,ug/g,3,0.01373,kg/d,0.0206,L/d,5000,.,ug/kg bw/d
24,Fasano et al. ,2009,"Kinetics of 8-2 fluorotelomer alcohol and its metabolites, and liver glutathione status following daily oral dosing for 45 days in male and female rats",Chemico-Biological Interactions,180,281-295,USA,NAM,rat,.,25,.,0.196,0.008,IM,N,21,Fix,18,CLAEP ,25,2.853,0.7748,ug/mL,3,3.763,0.656,ug/g,3,0.01373,kg/d,0.0206,L/d,5000,.,ug/kg bw/d
24,Fasano et al. ,2009,"Kinetics of 8-2 fluorotelomer alcohol and its metabolites, and liver glutathione status following daily oral dosing for 45 days in male and female rats",Chemico-Biological Interactions,180,281-295,USA,NAM,rat,.,25,.,0.196,0.008,IM,N,21,Fix,18,CLAEP ,45,2.93,0.8966,ug/mL,3,3.831,1.176,ug/g,3,0.01373,kg/d,0.0206,L/d,5000,.,ug/kg bw/d
24,Fasano et al. ,2009,"Kinetics of 8-2 fluorotelomer alcohol and its metabolites, and liver glutathione status following daily oral dosing for 45 days in male and female rats",Chemico-Biological Interactions,180,281-295,USA,NAM,rat,.,25,.,0.196,0.008,IM,N,21,Fix,18,CLAEP ,53,2.853,0.4074,ug/mL,3,.,.,ug/g,.,0.01373,kg/d,0.0206,L/d,5000,.,ug/kg bw/d
24,Fasano et al. ,2009,"Kinetics of 8-2 fluorotelomer alcohol and its metabolites, and liver glutathione status following daily oral dosing for 45 days in male and female rats",Chemico-Biological Interactions,180,281-295,USA,NAM,rat,.,25,.,0.196,0.008,IM,N,21,Fix,18,CLAEP ,1,0.11,0.0456,ug/mL,3,0.161,0.028,ug/g,3,0.01373,kg/d,0.0206,L/d,125000,.,ug/kg bw/d
24,Fasano et al. ,2009,"Kinetics of 8-2 fluorotelomer alcohol and its metabolites, and liver glutathione status following daily oral dosing for 45 days in male and female rats",Chemico-Biological Interactions,180,281-295,USA,NAM,rat,.,25,.,0.196,0.008,IM,N,21,Fix,18,CLAEP ,8,13.783,3.2815,ug/mL,3,9.679,.,ug/g,3,0.01373,kg/d,0.0206,L/d,125000,.,ug/kg bw/d
24,Fasano et al. ,2009,"Kinetics of 8-2 fluorotelomer alcohol and its metabolites, and liver glutathione status following daily oral dosing for 45 days in male and female rats",Chemico-Biological Interactions,180,281-295,USA,NAM,rat,.,25,.,0.196,0.008,IM,N,21,Fix,18,CLAEP ,25,52.365,0.0001,ug/mL,3,28.793,.,ug/g,3,0.01373,kg/d,0.0206,L/d,125000,.,ug/kg bw/d
24,Fasano et al. ,2009,"Kinetics of 8-2 fluorotelomer alcohol and its metabolites, and liver glutathione status following daily oral dosing for 45 days in male and female rats",Chemico-Biological Interactions,180,281-295,USA,NAM,rat,.,25,.,0.196,0.008,IM,N,21,Fix,18,CLAEP ,45,63.125,19.316,ug/mL,3,27.783,9.515,ug/g,3,0.01373,kg/d,0.0206,L/d,125000,.,ug/kg bw/d
24,Fasano et al. ,2009,"Kinetics of 8-2 fluorotelomer alcohol and its metabolites, and liver glutathione status following daily oral dosing for 45 days in male and female rats",Chemico-Biological Interactions,180,281-295,USA,NAM,rat,.,25,.,0.196,0.008,IM,N,21,Fix,18,CLAEP ,53,37.01,12.6326,ug/mL,3,.,.,ug/g,.,0.01373,kg/d,0.0206,L/d,125000,.,ug/kg bw/d
24,Fasano et al. ,2009,"Kinetics of 8-2 fluorotelomer alcohol and its metabolites, and liver glutathione status following daily oral dosing for 45 days in male and female rats",Chemico-Biological Interactions,180,281-295,USA,NAM,rat,.,25,.,0.166,0.01,IF,N,21,Fix,18,CLANEP,1,0.001,.,ug/mL,3,.,.,ug/g,3,0.0116,kg/d,0.0174,L/d,0.000025,.,ug/kg bw/d
24,Fasano et al. ,2009,"Kinetics of 8-2 fluorotelomer alcohol and its metabolites, and liver glutathione status following daily oral dosing for 45 days in male and female rats",Chemico-Biological Interactions,180,281-295,USA,NAM,rat,.,25,.,0.166,0.01,IF,N,21,Fix,18,CLANEP,8,0.002,.,ug/mL,3,.,.,ug/g,3,0.0116,kg/d,0.0174,L/d,0.000025,.,ug/kg bw/d
24,Fasano et al. ,2009,"Kinetics of 8-2 fluorotelomer alcohol and its metabolites, and liver glutathione status following daily oral dosing for 45 days in male and female rats",Chemico-Biological Interactions,180,281-295,USA,NAM,rat,.,25,.,0.166,0.01,IF,N,21,Fix,18,CLANEP,25,0.002,0.0006,ug/mL,3,.,.,ug/g,3,0.0116,kg/d,0.0174,L/d,0.000025,.,ug/kg bw/d
24,Fasano et al. ,2009,"Kinetics of 8-2 fluorotelomer alcohol and its metabolites, and liver glutathione status following daily oral dosing for 45 days in male and female rats",Chemico-Biological Interactions,180,281-295,USA,NAM,rat,.,25,.,0.166,0.01,IF,N,21,Fix,18,CLANEP,45,0.003,0.0013,ug/mL,3,.,.,ug/g,3,0.0116,kg/d,0.0174,L/d,0.000025,.,ug/kg bw/d
24,Fasano et al. ,2009,"Kinetics of 8-2 fluorotelomer alcohol and its metabolites, and liver glutathione status following daily oral dosing for 45 days in male and female rats",Chemico-Biological Interactions,180,281-295,USA,NAM,rat,.,25,.,0.166,0.01,IF,N,21,Fix,18,CLAEP ,1,0.046,0,ug/mL,3,0.035,.,ug/g,3,0.0116,kg/d,0.0174,L/d,5000,.,ug/kg bw/d
24,Fasano et al. ,2009,"Kinetics of 8-2 fluorotelomer alcohol and its metabolites, and liver glutathione status following daily oral dosing for 45 days in male and female rats",Chemico-Biological Interactions,180,281-295,USA,NAM,rat,.,25,.,0.166,0.01,IF,N,21,Fix,18,CLAEP ,8,0.053,0.0285,ug/mL,3,0.034,0.048,ug/g,3,0.0116,kg/d,0.0174,L/d,5000,.,ug/kg bw/d
24,Fasano et al. ,2009,"Kinetics of 8-2 fluorotelomer alcohol and its metabolites, and liver glutathione status following daily oral dosing for 45 days in male and female rats",Chemico-Biological Interactions,180,281-295,USA,NAM,rat,.,25,.,0.166,0.01,IF,N,21,Fix,18,CLAEP ,25,0.126,0.0428,ug/mL,3,0.063,0.089,ug/g,3,0.0116,kg/d,0.0174,L/d,5000,.,ug/kg bw/d
24,Fasano et al. ,2009,"Kinetics of 8-2 fluorotelomer alcohol and its metabolites, and liver glutathione status following daily oral dosing for 45 days in male and female rats",Chemico-Biological Interactions,180,281-295,USA,NAM,rat,.,25,.,0.166,0.01,IF,N,21,Fix,18,CLAEP ,45,0.044,0.1435,ug/mL,3,0.079,0.106,ug/g,3,0.0116,kg/d,0.0174,L/d,5000,.,ug/kg bw/d
24,Fasano et al. ,2009,"Kinetics of 8-2 fluorotelomer alcohol and its metabolites, and liver glutathione status following daily oral dosing for 45 days in male and female rats",Chemico-Biological Interactions,180,281-295,USA,NAM,rat,.,25,.,0.166,0.01,IF,N,21,Fix,18,CLAEP ,53,0.006,.,ug/mL,3,.,.,ug/g,.,0.0116,kg/d,0.0174,L/d,5000,.,ug/kg bw/d
24,Fasano et al. ,2009,"Kinetics of 8-2 fluorotelomer alcohol and its metabolites, and liver glutathione status following daily oral dosing for 45 days in male and female rats",Chemico-Biological Interactions,180,281-295,USA,NAM,rat,.,25,.,0.166,0.01,IF,N,21,Fix,18,CLAEP ,1,0.164,0,ug/mL,3,0.111,.,ug/g,3,0.0116,kg/d,0.0174,L/d,125000,.,ug/kg bw/d
24,Fasano et al. ,2009,"Kinetics of 8-2 fluorotelomer alcohol and its metabolites, and liver glutathione status following daily oral dosing for 45 days in male and female rats",Chemico-Biological Interactions,180,281-295,USA,NAM,rat,.,25,.,0.166,0.01,IF,N,21,Fix,18,CLAEP ,8,1.315,0.5961,ug/mL,3,0.582,.,ug/g,3,0.0116,kg/d,0.0174,L/d,125000,.,ug/kg bw/d
24,Fasano et al. ,2009,"Kinetics of 8-2 fluorotelomer alcohol and its metabolites, and liver glutathione status following daily oral dosing for 45 days in male and female rats",Chemico-Biological Interactions,180,281-295,USA,NAM,rat,.,25,.,0.166,0.01,IF,N,21,Fix,18,CLAEP ,25,1.812,0.4921,ug/mL,3,0.84,.,ug/g,3,0.0116,kg/d,0.0174,L/d,125000,.,ug/kg bw/d
24,Fasano et al. ,2009,"Kinetics of 8-2 fluorotelomer alcohol and its metabolites, and liver glutathione status following daily oral dosing for 45 days in male and female rats",Chemico-Biological Interactions,180,281-295,USA,NAM,rat,.,25,.,0.166,0.01,IF,N,21,Fix,18,CLAEP ,45,2.93,1.3278,ug/mL,3,0.855,1.06,ug/g,3,0.0116,kg/d,0.0174,L/d,125000,.,ug/kg bw/d
24,Fasano et al. ,2009,"Kinetics of 8-2 fluorotelomer alcohol and its metabolites, and liver glutathione status following daily oral dosing for 45 days in male and female rats",Chemico-Biological Interactions,180,281-295,USA,NAM,rat,.,25,.,0.166,0.01,IF,N,21,Fix,18,CLAEP ,53,0.064,0.0002,ug/mL,3,.,.,ug/g,.,0.0116,kg/d,0.0174,L/d,125000,.,ug/kg bw/d
25,Wolf et al.,2007,"Developmental Toxicity of Perfluorooctanoic Acid in the CD-1 Mouse
after Cross-Foster and Restricted Gestational Exposures",Toxicological Sciences ,95,462-473,USA,NAM,mice,.,30,.,0.027,0.005,IF,N,31,Fix,25,CLAEP ,16,23.65,6.56,ug/mL,11,.,.,ug/g,.,0.00188,kg/d,0.00282,L/d,3000,.,ug/kg bw/d
25,Wolf et al.,2007,"Developmental Toxicity of Perfluorooctanoic Acid in the CD-1 Mouse
after Cross-Foster and Restricted Gestational Exposures",Toxicological Sciences ,95,462-473,USA,NAM,mice,.,30,.,0.027,0.005,IF,N,31,Fix,25,CLAEP ,16,29.47,8.85,ug/mL,12,.,.,ug/g,.,0.00188,kg/d,0.00282,L/d,3000,.,ug/kg bw/d
25,Wolf et al.,2007,"Developmental Toxicity of Perfluorooctanoic Acid in the CD-1 Mouse
after Cross-Foster and Restricted Gestational Exposures",Toxicological Sciences ,95,462-473,USA,NAM,mice,.,30,.,0.026,0.005,IF,N,31,Fix,25,CLAEP ,16,35.23,13.54,ug/mL,13,.,.,ug/g,.,0.00185,kg/d,0.00277,L/d,5000,.,ug/kg bw/d
25,Wolf et al.,2007,"Developmental Toxicity of Perfluorooctanoic Acid in the CD-1 Mouse
after Cross-Foster and Restricted Gestational Exposures",Toxicological Sciences ,95,462-473,USA,NAM,mice,.,30,.,0.026,0.005,IF,N,31,Fix,25,CLAEP ,16,36.9,16.45,ug/mL,12,.,.,ug/g,.,0.00185,kg/d,0.00277,L/d,5000,.,ug/kg bw/d
25,Wolf et al.,2007,"Developmental Toxicity of Perfluorooctanoic Acid in the CD-1 Mouse
after Cross-Foster and Restricted Gestational Exposures",Toxicological Sciences ,95,462-473,USA,NAM,mice,.,30,.,0.026,0.005,IF,N,32,Fix,25,CLANEP,10,0.07,0.04,ug/mL,12,.,.,ug/g,.,0.00185,kg/d,0.00277,L/d,0.000025,.,ug/kg bw/d
25,Wolf et al.,2007,"Developmental Toxicity of Perfluorooctanoic Acid in the CD-1 Mouse
after Cross-Foster and Restricted Gestational Exposures",Toxicological Sciences ,95,462-473,USA,NAM,mice,.,30,.,0.026,0.005,IF,N,32,Fix,25,CLAEP ,10,24.84,6.88,ug/mL,14,.,.,ug/g,.,0.00185,kg/d,0.00277,L/d,5000,.,ug/kg bw/d
25,Wolf et al.,2007,"Developmental Toxicity of Perfluorooctanoic Acid in the CD-1 Mouse
after Cross-Foster and Restricted Gestational Exposures",Toxicological Sciences ,95,462-473,USA,NAM,mice,.,30,.,0.026,0.005,IF,N,32,Fix,25,CLAEP ,7,25.64,6.31,ug/mL,14,.,.,ug/g,.,0.00185,kg/d,0.00277,L/d,5000,.,ug/kg bw/d
25,Wolf et al.,2007,"Developmental Toxicity of Perfluorooctanoic Acid in the CD-1 Mouse
after Cross-Foster and Restricted Gestational Exposures",Toxicological Sciences ,95,462-473,USA,NAM,mice,.,30,.,0.026,0.005,IF,N,32,Fix,25,CLAEP ,4,20.26,8.71,ug/mL,11,.,.,ug/g,.,0.00185,kg/d,0.00277,L/d,5000,.,ug/kg bw/d
25,Wolf et al.,2007,"Developmental Toxicity of Perfluorooctanoic Acid in the CD-1 Mouse
after Cross-Foster and Restricted Gestational Exposures",Toxicological Sciences ,95,462-473,USA,NAM,mice,.,30,.,0.026,0.005,IF,N,32,Fix,25,CLAEP ,2,16.1,8.01,ug/mL,12,.,.,ug/g,.,0.00185,kg/d,0.00277,L/d,5000,.,ug/kg bw/d
25,Wolf et al.,2007,"Developmental Toxicity of Perfluorooctanoic Acid in the CD-1 Mouse
after Cross-Foster and Restricted Gestational Exposures",Toxicological Sciences ,95,462-473,USA,NAM,mice,.,30,.,0.026,0.005,IF,N,32,Fix,25,CLAEP ,2,53.46,24.65,ug/mL,5,.,.,ug/g,.,0.00185,kg/d,0.00277,L/d,20000,.,ug/kg bw/d
26,Conley et al. ,2022,Cumulative maternal and neonatal effects of combined exposure to a mixture of perfluorooctanoic acid (PFOA) and perfluorooctane sulfonic acid (PFOS) during pregnancy in the Sprague-Dawley rat,Environment International,170,107631,USA,NAM,rat,2.76,25,0.11,0.264,0.011,IF,N,33,Fix,26,CLAEP ,16,30.94,2.21,ug/mL,5,24.44,1.74,ug/g,5,0.01848,kg/d,0.02772,L/d,10000,.,ug/kg bw/d
26,Conley et al. ,2022,Cumulative maternal and neonatal effects of combined exposure to a mixture of perfluorooctanoic acid (PFOA) and perfluorooctane sulfonic acid (PFOS) during pregnancy in the Sprague-Dawley rat,Environment International,170,107631,USA,NAM,rat,2.76,25,0.11,0.265,0.007,IF,N,33,Fix,26,CLAEP ,16,95.46,18.74,ug/mL,5,79.67,10.53,ug/g,5,0.01855,kg/d,0.02783,L/d,30000,.,ug/kg bw/d
26,Conley et al. ,2022,Cumulative maternal and neonatal effects of combined exposure to a mixture of perfluorooctanoic acid (PFOA) and perfluorooctane sulfonic acid (PFOS) during pregnancy in the Sprague-Dawley rat,Environment International,170,107631,USA,NAM,rat,2.76,25,0.11,0.271,0.009,IF,N,33,Fix,26,CLAEP ,16,165.03,19.25,ug/mL,5,151.7,13.08,ug/g,4,0.01896,kg/d,0.02843,L/d,62500,.,ug/kg bw/d
26,Conley et al. ,2022,Cumulative maternal and neonatal effects of combined exposure to a mixture of perfluorooctanoic acid (PFOA) and perfluorooctane sulfonic acid (PFOS) during pregnancy in the Sprague-Dawley rat,Environment International,170,107631,USA,NAM,rat,2.76,25,0.11,0.266,0.011,IF,N,33,Fix,26,CLAEP ,16,273.75,36.17,ug/mL,3,340.79,55.81,ug/g,3,0.01859,kg/d,0.02788,L/d,125000,.,ug/kg bw/d
26,Conley et al. ,2022,Cumulative maternal and neonatal effects of combined exposure to a mixture of perfluorooctanoic acid (PFOA) and perfluorooctane sulfonic acid (PFOS) during pregnancy in the Sprague-Dawley rat,Environment International,170,107631,USA,NAM,rat,2.76,25,0.11,0.266,0.01,IF,N,34,Fix,26,CLAEP ,16,8.33,0.72,ug/mL,4,5.2,0.85,ug/g,4,0.01861,kg/d,0.02792,L/d,3000,.,ug/kg bw/d
26,Conley et al. ,2022,Cumulative maternal and neonatal effects of combined exposure to a mixture of perfluorooctanoic acid (PFOA) and perfluorooctane sulfonic acid (PFOS) during pregnancy in the Sprague-Dawley rat,Environment International,170,107631,USA,NAM,rat,2.76,25,0.11,0.274,0.012,IF,N,34,Fix,26,CLAEP ,16,24.1,3.18,ug/mL,4,16.3,1.4,ug/g,4,0.01916,kg/d,0.02874,L/d,10000,.,ug/kg bw/d
26,Conley et al. ,2022,Cumulative maternal and neonatal effects of combined exposure to a mixture of perfluorooctanoic acid (PFOA) and perfluorooctane sulfonic acid (PFOS) during pregnancy in the Sprague-Dawley rat,Environment International,170,107631,USA,NAM,rat,2.76,25,0.11,0.266,0.007,IF,N,34,Fix,26,CLAEP ,16,80,10.55,ug/mL,5,62.79,9.24,ug/g,5,0.01859,kg/d,0.02789,L/d,30000,.,ug/kg bw/d
26,Conley et al. ,2022,Cumulative maternal and neonatal effects of combined exposure to a mixture of perfluorooctanoic acid (PFOA) and perfluorooctane sulfonic acid (PFOS) during pregnancy in the Sprague-Dawley rat,Environment International,170,107631,USA,NAM,rat,2.76,25,0.11,0.271,0.012,IF,N,34,Fix,26,CLAEP ,16,113.16,22.16,ug/mL,4,88.76,11.68,ug/g,4,0.01894,kg/d,0.0284,L/d,40000,.,ug/kg bw/d
26,Conley et al. ,2022,Cumulative maternal and neonatal effects of combined exposure to a mixture of perfluorooctanoic acid (PFOA) and perfluorooctane sulfonic acid (PFOS) during pregnancy in the Sprague-Dawley rat,Environment International,170,107631,USA,NAM,rat,2.76,25,0.11,0.268,0.007,IF,N,34,Fix,26,CLAEP ,16,173.84,22.92,ug/mL,4,141.97,25.44,ug/g,4,0.01879,kg/d,0.02818,L/d,62500,.,ug/kg bw/d
26,Conley et al. ,2022,Cumulative maternal and neonatal effects of combined exposure to a mixture of perfluorooctanoic acid (PFOA) and perfluorooctane sulfonic acid (PFOS) during pregnancy in the Sprague-Dawley rat,Environment International,170,107631,USA,NAM,rat,2.76,25,0.11,0.272,0.009,IF,N,34,Fix,26,CLAEP ,16,214.28,18.44,ug/mL,4,246.59,36.3,ug/g,4,0.01903,kg/d,0.02854,L/d,80000,.,ug/kg bw/d
27, Zhang et al.,2020,"Exposure of female mice to perfluorooctanoic acid suppresses hypothalamic kisspeptin-reproductive endocrine system through enhanced hepatic fibroblast growth factor 21 synthesis, leading to ovulation failure and prolonged dioestrus",Journal of Neuroendocrinology,32,12848,China,ASIA,mice,2.76,30,0.092,0.03,0.002,IF,N,35,Fix,27,CLANEP,28,1.15,0.26,ug/mL,8,.,.,ug/g,.,0.0021,kg/d,0.00315,L/d,0.000025,.,ug/kg bw/d
27, Zhang et al.,2020,"Exposure of female mice to perfluorooctanoic acid suppresses hypothalamic kisspeptin-reproductive endocrine system through enhanced hepatic fibroblast growth factor 21 synthesis, leading to ovulation failure and prolonged dioestrus",Journal of Neuroendocrinology,32,12848,China,ASIA,mice,2.76,30,0.092,0.03,0.002,IF,N,35,Fix,27,CLAEP,28,9.92,0.41,ug/mL,8,.,.,ug/g,.,0.0021,kg/d,0.00315,L/d,500,.,ug/kg bw/d
27, Zhang et al.,2020,"Exposure of female mice to perfluorooctanoic acid suppresses hypothalamic kisspeptin-reproductive endocrine system through enhanced hepatic fibroblast growth factor 21 synthesis, leading to ovulation failure and prolonged dioestrus",Journal of Neuroendocrinology,32,12848,China,ASIA,mice,2.76,30,0.092,0.03,0.002,IF,N,35,Fix,27,CLAEP,28,29.04,1.73,ug/mL,8,.,.,ug/g,.,0.0021,kg/d,0.00315,L/d,2000,.,ug/kg bw/d
27, Zhang et al.,2020,"Exposure of female mice to perfluorooctanoic acid suppresses hypothalamic kisspeptin-reproductive endocrine system through enhanced hepatic fibroblast growth factor 21 synthesis, leading to ovulation failure and prolonged dioestrus",Journal of Neuroendocrinology,32,12848,China,ASIA,mice,2.76,30,0.092,0.03,0.002,IF,N,35,Fix,27,CLAEP,28,64.69,5.59,ug/mL,8,.,.,ug/g,.,0.0021,kg/d,0.00315,L/d,5000,.,ug/kg bw/d
28,Qazi et al. ,2009,"High-dose, short-term exposure of mice to perfluorooctanesulfonate (PFOS) or
perfluorooctanoate (PFOA) affects the number of circulating neutrophils
differently, but enhances the inflammatory responses of macrophages to
lipopolysaccharide (LPS) in a similar fashion",Toxicology ,262,207-214,Sweden,EU ,Mice,1.61,30,0.054,.,.,IM,N,36,Fix,28,CLAEP,10,152,24.32,ug/mL,8,.,.,ug/g,.,.,kg/d,.,L/d,5200,.,ug/kg bw/d
29,Shengmin Yan et al.,2014,"Circulating microRNA profiles altered in mice after 28 d exposure to
perfluorooctanoic acid",Toxicology Letters,224,24-31,China,ASIA,Mice,1.61,30,0.054,0.019,0.001,IM,N,37,Fix,29,CLANEP ,28,0.000025,0,ug/mL,3,.,.,ug/g,.,0.00136,kg/d,0.00204,L/d,0.000025,.,ug/kg bw/d
29,Shengmin Yan et al.,2014,"Circulating microRNA profiles altered in mice after 28 d exposure to
perfluorooctanoic acid",Toxicology Letters,224,24-31,China,ASIA,Mice,1.61,30,0.054,0.02,0.002,IM,N,37,Fix,29,CLAEP,28,1.98,0.26,ug/mL,3,.,.,ug/g,.,0.00137,kg/d,0.00205,L/d,80,.,ug/kg bw/d
29,Shengmin Yan et al.,2014,"Circulating microRNA profiles altered in mice after 28 d exposure to
perfluorooctanoic acid",Toxicology Letters,224,24-31,China,ASIA,Mice,1.61,30,0.054,0.019,0.001,IM,N,37,Fix,29,CLAEP,28,7.9,1.26,ug/mL,3,.,.,ug/g,.,0.00135,kg/d,0.00203,L/d,310,.,ug/kg bw/d
29,Shengmin Yan et al.,2014,"Circulating microRNA profiles altered in mice after 28 d exposure to
perfluorooctanoic acid",Toxicology Letters,224,24-31,China,ASIA,Mice,1.61,30,0.054,0.019,0.001,IM,N,37,Fix,29,CLAEP,28,23.76,1.9,ug/mL,3,.,.,ug/g,.,0.00136,kg/d,0.00204,L/d,1250,.,ug/kg bw/d
29,Shengmin Yan et al.,2014,"Circulating microRNA profiles altered in mice after 28 d exposure to
perfluorooctanoic acid",Toxicology Letters,224,24-31,China,ASIA,Mice,1.61,30,0.054,0.02,0.001,IM,N,37,Fix,29,CLAEP,28,56.25,9.36,ug/mL,3,.,.,ug/g,.,0.00137,kg/d,0.00206,L/d,5000,.,ug/kg bw/d
29,Shengmin Yan et al.,2014,"Circulating microRNA profiles altered in mice after 28 d exposure to
perfluorooctanoic acid",Toxicology Letters,224,24-31,China,ASIA,Mice,1.61,30,0.054,0.02,0.001,IM,N,37,Fix,29,CLAEP,28,105.64,5.69,ug/mL,3,.,.,ug/g,.,0.00137,kg/d,0.00205,L/d,20000,.,ug/kg bw/d
30,Abbott et al. ,2007,"Perfluorooctanoic AcidInduced Developmental Toxicity in the
Mouse is Dependent on Expression of Peroxisome
ProliferatorActivated Receptor-alpha",Toxicological Sciences ,98,571-581,USA,NAM,mice,.,30,.,0.032,0.003,IF,N,38,Fix,30,CLANEP ,16,0.13,0.11,ug/mL,17,.,.,ug/g,.,0.00223,kg/d,0.00335,L/d,0.000025,.,ug/kg bw/d
30,Abbott et al. ,2007,"Perfluorooctanoic AcidInduced Developmental Toxicity in the
Mouse is Dependent on Expression of Peroxisome
ProliferatorActivated Receptor-alpha",Toxicological Sciences ,98,571-581,USA,NAM,mice,.,30,.,0.031,0.002,IF,N,38,Fix,30,CLAEP ,16,4.4,1.92,ug/mL,7,.,.,ug/g,.,0.00216,kg/d,0.00324,L/d,100,.,ug/kg bw/d
30,Abbott et al. ,2007,"Perfluorooctanoic AcidInduced Developmental Toxicity in the
Mouse is Dependent on Expression of Peroxisome
ProliferatorActivated Receptor-alpha",Toxicological Sciences ,98,571-581,USA,NAM,mice,.,30,.,0.031,0.002,IF,N,38,Fix,30,CLAEP ,16,10.4,2.47,ug/mL,10,.,.,ug/g,.,0.00216,kg/d,0.00324,L/d,300,.,ug/kg bw/d
30,Abbott et al. ,2007,"Perfluorooctanoic AcidInduced Developmental Toxicity in the
Mouse is Dependent on Expression of Peroxisome
ProliferatorActivated Receptor-alpha",Toxicological Sciences ,98,571-581,USA,NAM,mice,.,30,.,0.032,0.003,IF,N,38,Fix,30,CLAEP ,16,17.4,5.68,ug/mL,21,.,.,ug/g,.,0.00222,kg/d,0.00333,L/d,600,.,ug/kg bw/d
30,Abbott et al. ,2007,"Perfluorooctanoic AcidInduced Developmental Toxicity in the
Mouse is Dependent on Expression of Peroxisome
ProliferatorActivated Receptor-alpha",Toxicological Sciences ,98,571-581,USA,NAM,mice,.,30,.,0.032,0.002,IF,N,38,Fix,30,CLAEP ,16,26.3,6.63,ug/mL,19,.,.,ug/g,.,0.00227,kg/d,0.0034,L/d,1000,.,ug/kg bw/d
30,Abbott et al. ,2007,"Perfluorooctanoic AcidInduced Developmental Toxicity in the
Mouse is Dependent on Expression of Peroxisome
ProliferatorActivated Receptor-alpha",Toxicological Sciences ,98,571-581,USA,NAM,mice,.,30,.,0.036,.,IF,N,38,Fix,30,CLAEP ,16,76.6,12.64,ug/mL,12,.,.,ug/g,.,0.00249,kg/d,0.00374,L/d,5000,.,ug/kg bw/d
30,Abbott et al. ,2007,"Perfluorooctanoic AcidInduced Developmental Toxicity in the
Mouse is Dependent on Expression of Peroxisome
ProliferatorActivated Receptor-alpha",Toxicological Sciences ,98,571-581,USA,NAM,mice,.,30,.,0.034,.,IF,N,38,Fix,30,CLAEP ,16,72.4,10.71,ug/mL,11,.,.,ug/g,.,0.00239,kg/d,0.00359,L/d,10000,.,ug/kg bw/d
30,Abbott et al. ,2007,"Perfluorooctanoic AcidInduced Developmental Toxicity in the
Mouse is Dependent on Expression of Peroxisome
ProliferatorActivated Receptor-alpha",Toxicological Sciences ,98,571-581,USA,NAM,mice,.,30,.,.,.,IF,N,38,Fix,30,CLAEP ,16,68.2,19.56808626,ug/mL,11,.,.,ug/g,.,.,kg/d,.,L/d,20000,.,ug/kg bw/d
30,Abbott et al. ,2007,"Perfluorooctanoic AcidInduced Developmental Toxicity in the
Mouse is Dependent on Expression of Peroxisome
ProliferatorActivated Receptor-alpha",Toxicological Sciences ,98,571-581,USA,NAM,mice,.,30,.,0.0312,0.002397916,IF,N,29,Fix,24,CLANEP ,16,0.0929,0.04835,ug/mL,25,.,.,ug/g,.,0.002184,kg/d,0.003276,L/d,0.000025,.,ug/kg bw/d
30,Abbott et al. ,2007,"Perfluorooctanoic AcidInduced Developmental Toxicity in the
Mouse is Dependent on Expression of Peroxisome
ProliferatorActivated Receptor-alpha",Toxicological Sciences ,98,571-581,USA,NAM,mice,.,30,.,0.0324,0.002244994,IF,N,29,Fix,24,CLAEP ,16,4.22,1.82999235,ug/mL,8,.,.,ug/g,.,0.002268,kg/d,0.003402,L/d,100,.,ug/kg bw/d
30,Abbott et al. ,2007,"Perfluorooctanoic AcidInduced Developmental Toxicity in the
Mouse is Dependent on Expression of Peroxisome
ProliferatorActivated Receptor-alpha",Toxicological Sciences ,98,571-581,USA,NAM,mice,.,30,.,0.0322,0.00284605,IF,N,29,Fix,24,CLAEP ,16,9.73,2.152489489,ug/mL,11,.,.,ug/g,.,0.002254,kg/d,0.003381,L/d,300,.,ug/kg bw/d
30,Abbott et al. ,2007,"Perfluorooctanoic AcidInduced Developmental Toxicity in the
Mouse is Dependent on Expression of Peroxisome
ProliferatorActivated Receptor-alpha",Toxicological Sciences ,98,571-581,USA,NAM,mice,.,30,.,0.0316,0.003162278,IF,N,29,Fix,24,CLAEP ,16,24.7,6.339305956,ug/mL,12,.,.,ug/g,.,0.002212,kg/d,0.003318,L/d,600,.,ug/kg bw/d
30,Abbott et al. ,2007,"Perfluorooctanoic AcidInduced Developmental Toxicity in the
Mouse is Dependent on Expression of Peroxisome
ProliferatorActivated Receptor-alpha",Toxicological Sciences ,98,571-581,USA,NAM,mice,.,30,.,0.0327,0.002683282,IF,N,29,Fix,24,CLAEP ,16,61.1,12.48794619,ug/mL,28,.,.,ug/g,.,0.002289,kg/d,0.0034335,L/d,1000,.,ug/kg bw/d
30,Abbott et al. ,2007,"Perfluorooctanoic AcidInduced Developmental Toxicity in the
Mouse is Dependent on Expression of Peroxisome
ProliferatorActivated Receptor-alpha",Toxicological Sciences ,98,571-581,USA,NAM,mice,.,30,.,0.0328,0,IF,N,29,Fix,24,CLAEP ,16,81.8,11.88186854,ug/mL,12,.,.,ug/g,.,0.002296,kg/d,0.003444,L/d,5000,.,ug/kg bw/d
30,Abbott et al. ,2007,"Perfluorooctanoic AcidInduced Developmental Toxicity in the
Mouse is Dependent on Expression of Peroxisome
ProliferatorActivated Receptor-alpha",Toxicological Sciences ,98,571-581,USA,NAM,mice,.,30,.,0.0318,0,IF,N,29,Fix,24,CLAEP ,16,78.5,15.64809254,ug/mL,13,.,.,ug/g,.,0.002226,kg/d,0.003339,L/d,10000,.,ug/kg bw/d
30,Abbott et al. ,2007,"Perfluorooctanoic AcidInduced Developmental Toxicity in the
Mouse is Dependent on Expression of Peroxisome
ProliferatorActivated Receptor-alpha",Toxicological Sciences ,98,571-581,USA,NAM,mice,.,30,.,0.03565,0,IF,N,29,Fix,24,CLAEP ,16,73.1,6.47787002,ug/mL,12,.,.,ug/g,.,0.0024955,kg/d,0.00374325,L/d,20000,.,ug/kg bw/d
31,Hua Guo et al. ,2021,Exposure to GenX and its novel analogs disrupts fatty acid metabolism in male mice,Environmental Pollution,291,118202,China,ASIA,Mice,1.61,30,0.054,0.022,.,IM,N,39,Fix,31,CLANEP,28,0.000025,0.00001,ug/mL,3,1.19,.,ug/g,3,0.00154,kg/d,0.00231,L/d,0.000025,.,ug/kg bw/d
31,Hua Guo et al. ,2021,Exposure to GenX and its novel analogs disrupts fatty acid metabolism in male mice,Environmental Pollution,291,118202,China,ASIA,Mice,1.61,30,0.054,0.022,.,IM,N,39,Fix,31,CLAEP ,28,13.54,8.38,ug/mL,3,21.9,3.3,ug/g,3,0.00154,kg/d,0.00231,L/d,400,.,ug/kg bw/d
31,Hua Guo et al. ,2021,Exposure to GenX and its novel analogs disrupts fatty acid metabolism in male mice,Environmental Pollution,291,118202,China,ASIA,Mice,1.61,30,0.054,0.022,.,IM,N,39,Fix,31,CLAEP ,28,60.15,17.76,ug/mL,3,78.81,4.95,ug/g,3,0.00154,kg/d,0.00231,L/d,2000,.,ug/kg bw/d
31,Hua Guo et al. ,2021,Exposure to GenX and its novel analogs disrupts fatty acid metabolism in male mice,Environmental Pollution,291,118202,China,ASIA,Mice,1.61,30,0.054,0.022,.,IM,N,39,Fix,31,CLAEP ,28,82.01,13.74,ug/mL,3,116.9,14.85,ug/g,3,0.00154,kg/d,0.00231,L/d,10000,.,ug/kg bw/d
32,Blake et al. ,2020,"Evaluation of Maternal, Embryo, and Placental Effects in CD-1 Mice following Gestational Exposure to Perfluorooctanoic Acid (PFOA) or Hexafluoropropylene Oxide Dimer Acid (HFPO-DA or GenX)",Environmental Health Perspectives,128,27006,USA,NAM,mice,2.64,30,0.088,0.0312,0.003,IF,N,40,Fix,32,CLAEP ,11.5,25.4,3.7,ug/mL,7,48.3,12.5,ug/g,7,0.00218,kg/d,0.00328,L/d,1000,.,ug/kg bw/d
32,Blake et al. ,2020,"Evaluation of Maternal, Embryo, and Placental Effects in CD-1 Mice following Gestational Exposure to Perfluorooctanoic Acid (PFOA) or Hexafluoropropylene Oxide Dimer Acid (HFPO-DA or GenX)",Environmental Health Perspectives,128,27006,USA,NAM,mice,2.64,30,0.088,0.0311,0.0032,IF,N,40,Fix,32,CLAEP ,11.5,117.3,20.6,ug/mL,7,151.5,18.5,ug/g,7,0.00218,kg/d,0.00327,L/d,5000,.,ug/kg bw/d
32,Blake et al. ,2020,"Evaluation of Maternal, Embryo, and Placental Effects in CD-1 Mice following Gestational Exposure to Perfluorooctanoic Acid (PFOA) or Hexafluoropropylene Oxide Dimer Acid (HFPO-DA or GenX)",Environmental Health Perspectives,128,27006,USA,NAM,mice,2.64,30,0.088,0.0311,0.0032,IF,N,40,Fix,32,CLANEP,11.5,0.000025,0,ug/mL,7,0,0,ug/g,7,0.00218,kg/d,0.00327,L/d,0.000025,.,ug/kg bw/d
32,Blake et al. ,2020,"Evaluation of Maternal, Embryo, and Placental Effects in CD-1 Mice following Gestational Exposure to Perfluorooctanoic Acid (PFOA) or Hexafluoropropylene Oxide Dimer Acid (HFPO-DA or GenX)",Environmental Health Perspectives,128,27006,USA,NAM,mice,2.64,30,0.088,0.0312,0.003,IF,N,40,Fix,32,CLAEP ,17.5,18.7,3.2,ug/mL,7,181.1,46,ug/g,7,0.00218,kg/d,0.00328,L/d,1000,.,ug/kg bw/d
32,Blake et al. ,2020,"Evaluation of Maternal, Embryo, and Placental Effects in CD-1 Mice following Gestational Exposure to Perfluorooctanoic Acid (PFOA) or Hexafluoropropylene Oxide Dimer Acid (HFPO-DA or GenX)",Environmental Health Perspectives,128,27006,USA,NAM,mice,2.64,30,0.088,0.0311,0.0032,IF,N,40,Fix,32,CLAEP ,17.5,95.1,14.1,ug/mL,7,159.2,21.7,ug/g,7,0.00218,kg/d,0.00327,L/d,5000,.,ug/kg bw/d
32,Blake et al. ,2020,"Evaluation of Maternal, Embryo, and Placental Effects in CD-1 Mice following Gestational Exposure to Perfluorooctanoic Acid (PFOA) or Hexafluoropropylene Oxide Dimer Acid (HFPO-DA or GenX)",Environmental Health Perspectives,128,27006,USA,NAM,mice,2.64,30,0.088,0.0311,0.0032,IF,N,40,Fix,32,CLANEP,17.5,0.000025,0,ug/mL,7,0,0,ug/g,7,0.00218,kg/d,0.00327,L/d,0.000025,.,ug/kg bw/d
33,Henderson et al. ,2007,"Perfluorooctanoic Acid and Perfluorononanoic
Acid in Fetal and Neonatal Mice Following In Utero
Exposure to 8-2 Fluorotelomer Alcohol",Toxicological Sciences ,95,452-461,USA,NAM,mice,.,30,.,0.0308,0.0008,IF,N,41,Fix,33,CLAEP ,1,0.79,0.04,ug/mL,5,0.67,0.02,ug/g,5,0.00216,kg/d,0.00323,L/d,30000,.,ug/kg bw/d
33,Henderson et al. ,2007,"Perfluorooctanoic Acid and Perfluorononanoic
Acid in Fetal and Neonatal Mice Following In Utero
Exposure to 8-2 Fluorotelomer Alcohol",Toxicological Sciences ,95,452-461,USA,NAM,mice,.,30,.,0.0308,0.0008,IF,N,41,Fix,33,CLAEP ,1,0.77,0.06,ug/mL,5,0.65,0.04,ug/g,5,0.00216,kg/d,0.00323,L/d,30000,.,ug/kg bw/d
33,Henderson et al. ,2007,"Perfluorooctanoic Acid and Perfluorononanoic
Acid in Fetal and Neonatal Mice Following In Utero
Exposure to 8-2 Fluorotelomer Alcohol",Toxicological Sciences ,95,452-461,USA,NAM,mice,.,30,.,0.0308,0.0008,IF,N,41,Fix,33,CLAEP ,1,0.75,0.08,ug/mL,5,0.65,0.05,ug/g,5,0.00216,kg/d,0.00323,L/d,30000,.,ug/kg bw/d
33,Henderson et al. ,2007,"Perfluorooctanoic Acid and Perfluorononanoic
Acid in Fetal and Neonatal Mice Following In Utero
Exposure to 8-2 Fluorotelomer Alcohol",Toxicological Sciences ,95,452-461,USA,NAM,mice,.,30,.,0.0308,0.0008,IF,N,41,Fix,33,CLAEP ,1,0.71,0.12,ug/mL,5,0.62,0.07,ug/g,5,0.00216,kg/d,0.00323,L/d,30000,.,ug/kg bw/d
33,Henderson et al. ,2007,"Perfluorooctanoic Acid and Perfluorononanoic
Acid in Fetal and Neonatal Mice Following In Utero
Exposure to 8-2 Fluorotelomer Alcohol",Toxicological Sciences ,95,452-461,USA,NAM,mice,.,30,.,0.0308,0.0008,IF,N,41,Fix,33,CLAEP ,1,0.67,0.16,ug/mL,5,0.59,0.05,ug/g,5,0.00216,kg/d,0.00323,L/d,30000,.,ug/kg bw/d
33,Henderson et al. ,2007,"Perfluorooctanoic Acid and Perfluorononanoic
Acid in Fetal and Neonatal Mice Following In Utero
Exposure to 8-2 Fluorotelomer Alcohol",Toxicological Sciences ,95,452-461,USA,NAM,mice,.,30,.,0.0308,0.0008,IF,Y,41,Fix,33,CLAEP ,1,0.45,0.02,ug/mL,5,0.55,0.07,ug/g,5,0.00216,kg/d,0.00323,L/d,30000,.,ug/kg bw/d
33,Henderson et al. ,2007,"Perfluorooctanoic Acid and Perfluorononanoic
Acid in Fetal and Neonatal Mice Following In Utero
Exposure to 8-2 Fluorotelomer Alcohol",Toxicological Sciences ,95,452-461,USA,NAM,mice,.,30,.,0.0308,0.0008,IF,Y,41,Fix,33,CLAEP ,1,0.28,0.19,ug/mL,5,0.48,0.13,ug/g,5,0.00216,kg/d,0.00323,L/d,30000,.,ug/kg bw/d
33,Henderson et al. ,2007,"Perfluorooctanoic Acid and Perfluorononanoic
Acid in Fetal and Neonatal Mice Following In Utero
Exposure to 8-2 Fluorotelomer Alcohol",Toxicological Sciences ,95,452-461,USA,NAM,mice,.,30,.,0.0308,0.0008,IF,Y,41,Fix,33,CLAEP ,1,0.06,0.42,ug/mL,5,0.14,0.48,ug/g,5,0.00216,kg/d,0.00323,L/d,30000,.,ug/kg bw/d
34,Deirdre et al.,2014,The mammary gland is a sensitive pubertal target in CD-1 and C57Bl/6 mice following perinatal perfluorooctanoic acid (PFOA) exposure,Reproductive Toxicology,54,10,USA,NAM,mice,,30,,,,IF,Y,43,Fix,34,CLANEP,21,0.000025,,ug/ml,6,,,ug/g,,,kg/d,,L/d,0.000025,,ug/kg bw/d
34,Deirdre et al.,2014,The mammary gland is a sensitive pubertal target in CD-1 and C57Bl/6 mice following perinatal perfluorooctanoic acid (PFOA) exposure,Reproductive Toxicology,54,10,USA,NAM,mice,,30,,,,IF,Y,43,Fix,34,CLANEP,35,0.000025,,ug/ml,11,,,ug/g,,,kg/d,,L/d,0.000025,,ug/kg bw/d
34,Deirdre et al.,2014,The mammary gland is a sensitive pubertal target in CD-1 and C57Bl/6 mice following perinatal perfluorooctanoic acid (PFOA) exposure,Reproductive Toxicology,54,10,USA,NAM,mice,,30,,,,IF,Y,43,Fix,34,CLANEP,56,0.000025,,ug/ml,5,,,ug/g,,,kg/d,,L/d,0.000025,,ug/kg bw/d
34,Deirdre et al.,2014,The mammary gland is a sensitive pubertal target in CD-1 and C57Bl/6 mice following perinatal perfluorooctanoic acid (PFOA) exposure,Reproductive Toxicology,54,10,USA,NAM,mice,,30,,,,IF,Y,43,Fix,34,CLANEP,21,0.000025,,ug/ml,2,,,ug/g,,,kg/d,,L/d,0.000025,,ug/kg bw/d
34,Deirdre et al.,2014,The mammary gland is a sensitive pubertal target in CD-1 and C57Bl/6 mice following perinatal perfluorooctanoic acid (PFOA) exposure,Reproductive Toxicology,54,10,USA,NAM,mice,,30,,,,IF,Y,43,Fix,34,CLANEP,61,0.000025,,ug/ml,6,,,ug/g,,,kg/d,,L/d,0.000025,,ug/kg bw/d
34,Deirdre et al.,2014,The mammary gland is a sensitive pubertal target in CD-1 and C57Bl/6 mice following perinatal perfluorooctanoic acid (PFOA) exposure,Reproductive Toxicology,54,10,USA,NAM,mice,,30,,,,IF,Y,43,Fix,34,CLAEP,21,0.0748,0.053442492,ug/ml,10,,,ug/g,,,kg/d,,L/d,10,,ug/kg bw/d
34,Deirdre et al.,2014,The mammary gland is a sensitive pubertal target in CD-1 and C57Bl/6 mice following perinatal perfluorooctanoic acid (PFOA) exposure,Reproductive Toxicology,54,10,USA,NAM,mice,,30,,,,IF,Y,43,Fix,34,CLAEP,35,0.0143,0.007967434,ug/ml,12,,,ug/g,,,kg/d,,L/d,10,,ug/kg bw/d
34,Deirdre et al.,2014,The mammary gland is a sensitive pubertal target in CD-1 and C57Bl/6 mice following perinatal perfluorooctanoic acid (PFOA) exposure,Reproductive Toxicology,54,10,USA,NAM,mice,,30,,,,IF,Y,43,Fix,34,CLAEP,56,0.000025,0,ug/ml,5,,,ug/g,,,kg/d,,L/d,10,,ug/kg bw/d
34,Deirdre et al.,2014,The mammary gland is a sensitive pubertal target in CD-1 and C57Bl/6 mice following perinatal perfluorooctanoic acid (PFOA) exposure,Reproductive Toxicology,54,10,USA,NAM,mice,,30,,,,IF,Y,43,Fix,34,CLAEP,21,0.0261,0.026870058,ug/ml,2,,,ug/g,,,kg/d,,L/d,10,,ug/kg bw/d
34,Deirdre et al.,2014,The mammary gland is a sensitive pubertal target in CD-1 and C57Bl/6 mice following perinatal perfluorooctanoic acid (PFOA) exposure,Reproductive Toxicology,54,10,USA,NAM,mice,,30,,,,IF,Y,43,Fix,34,CLAEP,61,0.000025,0,ug/ml,2,,,ug/g,,,kg/d,,L/d,10,,ug/kg bw/d
34,Deirdre et al.,2014,The mammary gland is a sensitive pubertal target in CD-1 and C57Bl/6 mice following perinatal perfluorooctanoic acid (PFOA) exposure,Reproductive Toxicology,54,10,USA,NAM,mice,,30,,,,IF,Y,43,Fix,34,CLAEP,21,0.4573,0.273,ug/ml,9,,,ug/g,,,kg/d,,L/d,100,,ug/kg bw/d
34,Deirdre et al.,2014,The mammary gland is a sensitive pubertal target in CD-1 and C57Bl/6 mice following perinatal perfluorooctanoic acid (PFOA) exposure,Reproductive Toxicology,54,10,USA,NAM,mice,,30,,,,IF,Y,43,Fix,34,CLAEP,35,0.0617,0.0195,ug/ml,9,,,ug/g,,,kg/d,,L/d,100,,ug/kg bw/d
34,Deirdre et al.,2014,The mammary gland is a sensitive pubertal target in CD-1 and C57Bl/6 mice following perinatal perfluorooctanoic acid (PFOA) exposure,Reproductive Toxicology,54,10,USA,NAM,mice,,30,,,,IF,Y,43,Fix,34,CLAEP,56,0.015,0.01,ug/ml,4,,,ug/g,,,kg/d,,L/d,100,,ug/kg bw/d
34,Deirdre et al.,2014,The mammary gland is a sensitive pubertal target in CD-1 and C57Bl/6 mice following perinatal perfluorooctanoic acid (PFOA) exposure,Reproductive Toxicology,54,10,USA,NAM,mice,,30,,,,IF,Y,43,Fix,34,CLAEP,21,0.2471,0.016122035,ug/ml,2,,,ug/g,,,kg/d,,L/d,100,,ug/kg bw/d
34,Deirdre et al.,2014,The mammary gland is a sensitive pubertal target in CD-1 and C57Bl/6 mice following perinatal perfluorooctanoic acid (PFOA) exposure,Reproductive Toxicology,54,10,USA,NAM,mice,,30,,,,IF,Y,43,Fix,34,CLAEP,61,0.0277,0.018013328,ug/ml,3,,,ug/g,,,kg/d,,L/d,100,,ug/kg bw/d
34,Deirdre et al.,2014,The mammary gland is a sensitive pubertal target in CD-1 and C57Bl/6 mice following perinatal perfluorooctanoic acid (PFOA) exposure,Reproductive Toxicology,54,10,USA,NAM,mice,,30,,,,IF,Y,43,Fix,34,CLAEP,21,0.9048,0.415839512,ug/ml,10,,,ug/g,,,kg/d,,L/d,300,,ug/kg bw/d
34,Deirdre et al.,2014,The mammary gland is a sensitive pubertal target in CD-1 and C57Bl/6 mice following perinatal perfluorooctanoic acid (PFOA) exposure,Reproductive Toxicology,54,10,USA,NAM,mice,,30,,,,IF,Y,43,Fix,34,CLAEP,35,0.2009,0.106795318,ug/ml,11,,,ug/g,,,kg/d,,L/d,300,,ug/kg bw/d
34,Deirdre et al.,2014,The mammary gland is a sensitive pubertal target in CD-1 and C57Bl/6 mice following perinatal perfluorooctanoic acid (PFOA) exposure,Reproductive Toxicology,54,10,USA,NAM,mice,,30,,,,IF,Y,43,Fix,34,CLAEP,56,0.0462,0.018371173,ug/ml,6,,,ug/g,,,kg/d,,L/d,300,,ug/kg bw/d
34,Deirdre et al.,2014,The mammary gland is a sensitive pubertal target in CD-1 and C57Bl/6 mice following perinatal perfluorooctanoic acid (PFOA) exposure,Reproductive Toxicology,54,10,USA,NAM,mice,,30,,,,IF,Y,43,Fix,34,CLAEP,21,0.8913,0.915735262,ug/ml,3,,,ug/g,,,kg/d,,L/d,300,,ug/kg bw/d
34,Deirdre et al.,2014,The mammary gland is a sensitive pubertal target in CD-1 and C57Bl/6 mice following perinatal perfluorooctanoic acid (PFOA) exposure,Reproductive Toxicology,54,10,USA,NAM,mice,,30,,,,IF,Y,43,Fix,34,CLAEP,61,0.0093,0.00491935,ug/ml,5,,,ug/g,,,kg/d,,L/d,300,,ug/kg bw/d
34,Deirdre et al.,2014,The mammary gland is a sensitive pubertal target in CD-1 and C57Bl/6 mice following perinatal perfluorooctanoic acid (PFOA) exposure,Reproductive Toxicology,54,10,USA,NAM,mice,,30,,,,IF,Y,43,Fix,34,CLAEP,21,3.119,0.886377346,ug/ml,5,,,ug/g,,,kg/d,,L/d,1000,,ug/kg bw/d
34,Deirdre et al.,2014,The mammary gland is a sensitive pubertal target in CD-1 and C57Bl/6 mice following perinatal perfluorooctanoic acid (PFOA) exposure,Reproductive Toxicology,54,10,USA,NAM,mice,,30,,,,IF,Y,43,Fix,34,CLAEP,35,0.8898,0.389703413,ug/ml,11,,,ug/g,,,kg/d,,L/d,1000,,ug/kg bw/d
34,Deirdre et al.,2014,The mammary gland is a sensitive pubertal target in CD-1 and C57Bl/6 mice following perinatal perfluorooctanoic acid (PFOA) exposure,Reproductive Toxicology,54,10,USA,NAM,mice,,30,,,,IF,Y,43,Fix,34,CLAEP,56,0.2002,0.055825353,ug/ml,7,,,ug/g,,,kg/d,,L/d,1000,,ug/kg bw/d
34,Deirdre et al.,2014,The mammary gland is a sensitive pubertal target in CD-1 and C57Bl/6 mice following perinatal perfluorooctanoic acid (PFOA) exposure,Reproductive Toxicology,54,10,USA,NAM,mice,,30,,,,IF,Y,43,Fix,34,CLAEP,21,2.14167,0.942997603,ug/ml,2,,,ug/g,,,kg/d,,L/d,1000,,ug/kg bw/d
34,Deirdre et al.,2014,The mammary gland is a sensitive pubertal target in CD-1 and C57Bl/6 mice following perinatal perfluorooctanoic acid (PFOA) exposure,Reproductive Toxicology,54,10,USA,NAM,mice,,30,,,,IF,Y,43,Fix,34,CLAEP,61,0.022,0.016994117,ug/ml,5,,,ug/g,,,kg/d,,L/d,1000,,ug/kg bw/d
35,Lau et al. ,2006,"Effects of Perfluorooctanoic Acid Exposure during
Pregnancy in the Mouse",Toxicology,90,510-518,USA,NAM,rat,.,25,.,.,.,IM,N,44,Fix,35,CLAEP ,20,111,28.28,ug/mL,8,.,.,ug/g,.,.,kg/d,.,L/d,10000,.,ug/kg bw/d
35,Lau et al. ,2006,"Effects of Perfluorooctanoic Acid Exposure during
Pregnancy in the Mouse",Toxicology,90,510-518,USA,NAM,rat,.,25,.,.,.,IF,N,44,Fix,35,CLAEP ,20,0.69,0.509,ug/mL,8,.,.,ug/g,.,.,kg/d,.,L/d,10000,.,ug/kg bw/d
35,Lau et al. ,2006,"Effects of Perfluorooctanoic Acid Exposure during
Pregnancy in the Mouse",Toxicology,90,510-518,USA,NAM,Mice,.,30,.,.,.,IM,N,44,Fix,35,CLAEP ,7,181,83.28,ug/mL,6,.,.,ug/g,.,.,kg/d,.,L/d,20000,.,ug/kg bw/d
35,Lau et al. ,2006,"Effects of Perfluorooctanoic Acid Exposure during
Pregnancy in the Mouse",Toxicology,90,510-518,USA,NAM,mice,.,30,.,.,.,IF,N,44,Fix,35,CLAEP ,7,178,50.27,ug/mL,7,.,.,ug/g,.,.,kg/d,.,L/d,20000,.,ug/kg bw/d
35,Lau et al. ,2006,"Effects of Perfluorooctanoic Acid Exposure during
Pregnancy in the Mouse",Toxicology,90,510-518,USA,NAM,Mice,.,30,.,.,.,IM,N,44,Fix,35,CLAEP ,17,199,53.74,ug/mL,8,.,.,ug/g,.,.,kg/d,.,L/d,20000,.,ug/kg bw/d
35,Lau et al. ,2006,"Effects of Perfluorooctanoic Acid Exposure during
Pregnancy in the Mouse",Toxicology,90,510-518,USA,NAM,mice,.,30,.,.,.,IF,N,44,Fix,35,CLAEP ,17,171,33.54,ug/mL,5,.,.,ug/g,.,.,kg/d,.,L/d,20000,.,ug/kg bw/d
36,Li et al.,2017,Molecular Mechanisms of Perfluorooctanoate-Induced Hepatocyte Apoptosis in Mice Using Proteomic Techniques,Environmental Science and technology ,51,11380,China,Asia ,mice,1.38,30,0.046,0.02,0,IF,N,45,Fix,36,CLANEP,28,0.000025,0,ug/mL,3,0.051125,0.171233,ug/g,3,,kg/d,,L/d,0.000025,,ug/kg bw/d
36,Li et al.,2017,Molecular Mechanisms of Perfluorooctanoate-Induced Hepatocyte Apoptosis in Mice Using Proteomic Techniques,Environmental Science and technology ,51,11380,China,Asia ,mice,1.38,30,0.046,0.02,0,IF,N,45,Fix,36,CLAEP,28,0.868,0.557,ug/mL,3,1.03,0.237,ug/g,3,,kg/d,,L/d,5,,ug/kg bw/d
36,Li et al.,2017,Molecular Mechanisms of Perfluorooctanoate-Induced Hepatocyte Apoptosis in Mice Using Proteomic Techniques,Environmental Science and technology ,51,11380,China,Asia ,mice,1.38,30,0.046,0.02,0,IF,N,45,Fix,36,CLAEP,28,2.68,0.478,ug/mL,3,6.7,1.97,ug/g,3,,kg/d,,L/d,500,,ug/kg bw/d
36,Li et al.,2017,Molecular Mechanisms of Perfluorooctanoate-Induced Hepatocyte Apoptosis in Mice Using Proteomic Techniques,Environmental Science and technology ,51,11380,China,Asia ,mice,1.38,30,0.046,0.02,0,IF,N,45,Fix,36,CLAEP,28,9.46,2.63,ug/mL,3,14,3.47,ug/g,3,,kg/d,,L/d,2500,,ug/kg bw/d
36,Li et al.,2017,Molecular Mechanisms of Perfluorooctanoate-Induced Hepatocyte Apoptosis in Mice Using Proteomic Techniques,Environmental Science and technology ,51,11380,China,Asia ,Mice,1.38,30,0.046,0.02,0,IM,N,45,Fix,36,CLANEP,28,0.000025,0,ug/mL,3,0.085616,1.7123,ug/g,3,,kg/d,,L/d,0.000025,,ug/kg bw/d
36,Li et al.,2017,Molecular Mechanisms of Perfluorooctanoate-Induced Hepatocyte Apoptosis in Mice Using Proteomic Techniques,Environmental Science and technology ,51,11380,China,Asia ,Mice,1.38,30,0.046,0.02,0,IM,N,45,Fix,36,CLAEP,28,1.18,0.556,ug/mL,3,0.71,0.789,ug/g,3,,kg/d,,L/d,5,,ug/kg bw/d
36,Li et al.,2017,Molecular Mechanisms of Perfluorooctanoate-Induced Hepatocyte Apoptosis in Mice Using Proteomic Techniques,Environmental Science and technology ,51,11380,China,Asia ,Mice,1.38,30,0.046,0.02,0,IM,N,45,Fix,36,CLAEP,28,5.68,0.714,ug/mL,3,8.91,3.08,ug/g,3,,kg/d,,L/d,500,,ug/kg bw/d
36,Li et al.,2017,Molecular Mechanisms of Perfluorooctanoate-Induced Hepatocyte Apoptosis in Mice Using Proteomic Techniques,Environmental Science and technology ,51,11380,China,Asia ,Mice,1.38,30,0.046,0.02,0,IM,N,45,Fix,36,CLAEP,28,13.4,3.57,ug/mL,3,19.9,4.42,ug/g,3,,kg/d,,L/d,2500,,ug/kg bw/d
37,Shi et al. ,2021,Food and Chemical Toxicology,The effect of chronic exposure to a low concentration of perfluorooctanoic acid on cognitive function and intestinal health of obese mice induced by a high-fat diet,168,,China,Asia ,Mice,1.84,30,0.061,0.025,0.0014,IM,N,46,Fix,37,CLAEP ,100,0.024732,0.00268894,ug/mL,10,,,ug/g,,0.0024038,kg/d,0.0036607,L/d,500,,ug/kg bw/d
37,Shi et al. ,2021,Food and Chemical Toxicology,The effect of chronic exposure to a low concentration of perfluorooctanoic acid on cognitive function and intestinal health of obese mice induced by a high-fat diet,167,,China,Asia ,Mice,1.84,30,0.061,0.025,0.0014,IM,N,46,Fix,37,CLANEP ,100,0.0095567,0.00090571,ug/mL,6,,,ug/g,,0.002888,kg/d,0.0036607,L/d,0.000025,,ug/kg bw/d
38,Kamendulis et al. ,2014,Toxicology Reports ,Perfluorooctanoic acid exposure triggers oxidative stress in the mouse pancreas,,513,USA,NAM,Mice,1.84,30,0.061,0.025,0.0014,IM,N,47,Fix,38,CLANEP,7,0.0055,0.0019,ug/mL,4,1.00E-07,3.00E-08,ug/g,4,,kg/d,,L/d,0.000025,,ug/kg bw/d
38,Kamendulis et al. ,2014,Toxicology Reports ,Perfluorooctanoic acid exposure triggers oxidative stress in the mouse pancreas,,513,USA,NAM,Mice,1.84,30,0.061,0.025,0.0014,IM,N,47,Fix,38,CLAEP,7,4.1626,0.3999,ug/mL,4,0.0000059,5.20E-07,ug/g,4,,kg/d,,L/d,500,,ug/kg bw/d
38,Kamendulis et al. ,2014,Toxicology Reports ,Perfluorooctanoic acid exposure triggers oxidative stress in the mouse pancreas,,513,USA,NAM,Mice,1.84,30,0.061,0.025,0.0014,IM,N,47,Fix,38,CLAEP,7,28.8783,2.8717,ug/mL,4,0.00005354,0.00000527,ug/g,4,,kg/d,,L/d,2500,,ug/kg bw/d
38,Kamendulis et al. ,2014,Toxicology Reports ,Perfluorooctanoic acid exposure triggers oxidative stress in the mouse pancreas,,513,USA,NAM,Mice,1.84,30,0.061,0.025,0.0014,IM,N,47,Fix,38,CLAEP,7,47.9842,4.4274,ug/mL,4,0.00010307,0.0000021,ug/g,4,,kg/d,,L/d,5000,,ug/kg bw/d
39,Zheng et al.,2017,Perfluorooctanoic acid exposure disturbs glucose metabolism in mouse liver,Toxicology and Applied Pharmacology,335,41-48,CHI,ASIA,Mice,2,30,0.067,0.0208,,IM,N,48,Fix,39,CLANEP,28,0.038,0.00873,ug/mL,20,,,ug/g,,,kg/d,0.01,L/d,0.000025,,ug/kg bw/d
39,Zheng et al.,2018,Perfluorooctanoic acid exposure disturbs glucose metabolism in mouse liver,Toxicology and Applied Pharmacology,336,41-49,CHI,ASIA,Mice,2,30,0.067,0.022,,IM,N,48,Fix,39,CLAEP,28,58.76,2.26,ug/mL,20,,,ug/g,,,kg/d,0.01,L/d,1250,,ug/kg bw/d
40,DeWitt et al.,2008,Perfluorooctanoic AcidInduced Immunomodulation in Adult C57BL/6J or C57BL/6N Female Mice, Environmental Health Perspectives,116,,USA,NAM,Mice,2.5,30,0.083,0.02,,IM,N,49,Fix,40,CLANEP,1,0.0543,0.0049,ug/mL,8,,,ug/g,,,kg/d,,,0.000025,,ug/kg/bw/d
40,DeWitt et al.,2009,Perfluorooctanoic AcidInduced Immunomodulation in Adult C57BL/6J or C57BL/6N Female Mice, Environmental Health Perspectives,117,,USA,NAM,Mice,2.5,30,0.083,0.02,,IM,N,49,Fix,40,CLAEP,1,74.913,2.667,ug/mL,8,,,ug/g,,,kg/d,,,3750,,ug/kg/bw/d
40,DeWitt et al.,2010,Perfluorooctanoic AcidInduced Immunomodulation in Adult C57BL/6J or C57BL/6N Female Mice, Environmental Health Perspectives,118,,USA,NAM,Mice,2.5,30,0.083,0.02,,IM,N,49,Fix,40,CLAEP,1,87.15,3.296,ug/mL,8,,,ug/g,,,kg/d,,,7500,,ug/kg/bw/d
40,DeWitt et al.,2011,Perfluorooctanoic AcidInduced Immunomodulation in Adult C57BL/6J or C57BL/6N Female Mice, Environmental Health Perspectives,119,,USA,NAM,Mice,2.5,30,0.083,0.02,,IM,N,49,Fix,40,CLAEP,1,128.125,6.81,ug/mL,8,,,ug/g,,,kg/d,,,15000,,ug/kg/bw/d
40,DeWitt et al.,2012,Perfluorooctanoic AcidInduced Immunomodulation in Adult C57BL/6J or C57BL/6N Female Mice, Environmental Health Perspectives,120,,USA,NAM,Mice,2.5,30,0.083,0.02,,IM,N,49,Fix,40,CLAEP,1,162.625,8.43,ug/mL,8,,,ug/g,,,kg/d,,,30000,,ug/kg/bw/d
40,DeWitt et al.,2013,Perfluorooctanoic AcidInduced Immunomodulation in Adult C57BL/6J or C57BL/6N Female Mice, Environmental Health Perspectives,121,,USA,NAM,Mice,2.5,30,0.083,0.02,,IM,N,49,Fix,40,CLANEP,15,156.4,0.0149,ug/mL,8,,,ug/g,,,kg/d,,,0.000025,,ug/kg/bw/d
40,DeWitt et al.,2014,Perfluorooctanoic AcidInduced Immunomodulation in Adult C57BL/6J or C57BL/6N Female Mice, Environmental Health Perspectives,122,,USA,NAM,Mice,2.5,30,0.083,0.02,,IM,N,49,Fix,40,CLAEP,15,35.325,1.607,ug/mL,8,,,ug/g,,,kg/d,,,3750,,ug/kg/bw/d
40,DeWitt et al.,2015,Perfluorooctanoic AcidInduced Immunomodulation in Adult C57BL/6J or C57BL/6N Female Mice, Environmental Health Perspectives,123,,USA,NAM,Mice,2.5,30,0.083,0.02,,IM,N,49,Fix,40,CLAEP,15,42.771,1.708,ug/mL,8,,,ug/g,,,kg/d,,,7500,,ug/kg/bw/d
40,DeWitt et al.,2016,Perfluorooctanoic AcidInduced Immunomodulation in Adult C57BL/6J or C57BL/6N Female Mice, Environmental Health Perspectives,124,,USA,NAM,Mice,2.5,30,0.083,0.02,,IM,N,49,Fix,40,CLAEP,15,50.025,1.486,ug/mL,8,,,ug/g,,,kg/d,,,15000,,ug/kg/bw/d
40,DeWitt et al.,2017,Perfluorooctanoic AcidInduced Immunomodulation in Adult C57BL/6J or C57BL/6N Female Mice, Environmental Health Perspectives,125,,USA,NAM,Mice,2.5,30,0.083,0.02,,IM,N,49,Fix,40,CLAEP,15,52.713,3.212,ug/mL,8,,,ug/g,,,kg/d,,,30000,,ug/kg/bw/d
41,Qazi et al.,2010,Dietary exposure to perfluorooctanoate or perfluorooctane sulfonate induces hypertrophy in centrilobular hepatocytes and alters the hepatic immune status in mice,International Immunopharmacology,10,1420-1427,Sweden,EUR,Mice,1.6,30,0.053,0.02,,IM,N,50,Fix,41,CLANEP,10,0.07,0.004,ug/mL,4,,,ug/g,,,kg/d,,,0.000025,,ug/kg/bw/d
41,Qazi et al.,2011,Dietary exposure to perfluorooctanoate or perfluorooctane sulfonate induces hypertrophy in centrilobular hepatocytes and alters the hepatic immune status in mice,International Immunopharmacology,11,1420-1428,Sweden,EUR,Mice,1.6,30,0.053,0.02,,IM,N,50,Fix,41,CLAEP,10,87.6,2.1,ug/mL,4,,,ug/g,,,kg/d,,,20000,,ug/kg/bw/d
42,Jia et al.,2022,Insights into the Competitive Mechanisms of Per- andPoly?uoroalkyl Substances Partition in Liver and Blood,,56,6192-6200,China,Asia,Mice,1.38,30,0.046,0.035,0.003,IM,N,51,Fix,42,CLAEP,7,0.5084,0.107,ug/mL,6,2.889632107,1.150501672,ug/g,6,,kg/d,,,20,,ug/kg/bw/d
42,Jia et al.,2022,Insights into the Competitive Mechanisms of Per- andPoly?uoroalkyl Substances Partition in Liver and Blood,,56,6192-6200,China,Asia,Mice,1.38,30,0.046,0.035,0.003,IM,N,51,Fix,42,CLAEP,7,2.8662,0.9554,ug/mL,6,21.17834395,8.917197452,ug/g,6,,kg/d,,,200,,ug/kg/bw/d
42,Jia et al.,2022,Insights into the Competitive Mechanisms of Per- andPoly?uoroalkyl Substances Partition in Liver and Blood,,56,6192-6200,China,Asia,Mice,1.38,30,0.046,0.035,0.003,IM,N,51,Fix,42,CLAEP,7,41.639,15.552,ug/mL,6,78.73754153,2.491694352,ug/g,6,,kg/d,,,2000,,ug/kg/bw/d
