pub_id,country,continent,animal,stage_life_m,lifespan_m,norm_age,bw_mean_kg,bw_sd_kg,sex,lactating,exp_id,model,study_id,treatment,potential_exposure_day,pfos_plasma_mean,pfos_plasma_sd,pfos_plasma_units,pfos_plasma_ns,pfos_liver_mean,pfos_liver_sd,pfos_liver_units,pfos_liver_ns,feed_intake_mean,feed_intake_units,water_intake_mean,water_intake_units,pfos_exposure_level_mean,pfos_exposure_level_sd,pfos_exposure_level_units
1,Germany,EU,Sheep,.,273.6,.,63,2.3,IF,Y,1,FIX,1,CLAEP,21,0.24,0.00015,ug/mL,12,1.172,.,ug/g,1,1.248,kg/d,11.36,L/d,7.6,3.2,ug/kg bw/d
1,Germany,EU,Sheep,.,273.6,.,63,2.3,IF,Y,1,FIX,1,CLAEP,21,0.168,0.00015,ug/mL,12,0.885,.,ug/g,1,1.568,kg/d,11.36,L/d,1.45,.,ug/kg/bw/d
1,Germany,EU,Sheep,.,273.6,.,63,2.3,IF,Y,1,FIX,1,CLAEP,21,0.0379,0.0311,ug/mL,12,1.172,.,ug/g,1,1.248,kg/d,11.36,L/d,1.16,.,ug/kg/bw/d
1,Germany,EU,Sheep,.,273.6,.,63,2.3,IF,Y,1,FIX,1,CLANEP,0,2.00E-04,0.00015,ug/mL,12,0.00153,.,ug/g,1,1.672,kg/d,11.36,L/d,0.000025,.,ug/kg/bw/d
2,Germany,EU,Cattle,.,240,.,583,31,IF,Y,1,FIX,2,CONNE,44,2.933,.,ug/mL,1,3.964,1.035,ug/g,3,10.3,kg/d,145.75,L/d,0.000025,.,ug/kg bw/d
2,Germany,EU,Cattle,.,240,.,583,31,IF,Y,1,FIX,2,CONNE,38,2.888,.,ug/mL,1,3.964,1.035,ug/g,3,10.3,kg/d,145.75,L/d,0.000025,.,ug/kg bw/d
2,Germany,EU,Cattle,.,240,.,583,31,IF,Y,1,FIX,2,CONNE,41,2.723,.,ug/mL,1,3.964,1.035,ug/g,3,10.3,kg/d,145.75,L/d,0.000025,.,ug/kg bw/d
2,Germany,EU,Cattle,.,240,.,583,31,IF,Y,1,FIX,2,CONNE,35,2.576,.,ug/mL,1,3.964,1.035,ug/g,3,10.3,kg/d,145.75,L/d,0.000025,.,ug/kg bw/d
2,Germany,EU,Cattle,.,240,.,583,31,IF,Y,1,FIX,2,CONNE,29,2.569,.,ug/mL,1,2.952,0.718,ug/g,3,10.3,kg/d,145.75,L/d,0.000025,.,ug/kg bw/d
2,Germany,EU,Cattle,.,240,.,583,31,IF,Y,1,FIX,2,CONNE,35,2.551,.,ug/mL,1,3.964,1.035,ug/g,3,10.3,kg/d,145.75,L/d,0.000025,.,ug/kg bw/d
2,Germany,EU,Cattle,.,240,.,583,31,IF,Y,1,FIX,2,CONNE,47,2.484,.,ug/mL,1,3.964,1.035,ug/g,3,10.3,kg/d,145.75,L/d,0.000025,.,ug/kg bw/d
2,Germany,EU,Cattle,.,240,.,583,31,IF,Y,1,FIX,2,CONNE,32,2.357,.,ug/mL,1,3.964,1.035,ug/g,3,10.3,kg/d,145.75,L/d,0.000025,.,ug/kg bw/d
2,Germany,EU,Cattle,.,240,.,583,31,IF,Y,1,FIX,2,CLAEP,29,2.345,.,ug/mL,1,2.952,0.718,ug/g,3,10.3,kg/d,145.75,L/d,7.6,3.2,ug/kg bw/d
2,Germany,EU,Cattle,.,240,.,583,31,IF,Y,1,FIX,2,CONNE,38,2.325,.,ug/mL,1,3.964,1.035,ug/g,3,10.3,kg/d,145.75,L/d,0.000025,.,ug/kg bw/d
2,Germany,EU,Cattle,.,240,.,583,31,IF,Y,1,FIX,2,CONNE,50,2.32,.,ug/mL,1,3.964,1.035,ug/g,3,10.3,kg/d,145.75,L/d,0.000025,.,ug/kg bw/d
2,Germany,EU,Cattle,.,240,.,583,31,IF,Y,1,FIX,2,CONNE,41,2.29,.,ug/mL,1,3.964,1.035,ug/g,3,10.3,kg/d,145.75,L/d,0.000025,.,ug/kg bw/d
2,Germany,EU,Cattle,.,240,.,583,31,IF,Y,1,FIX,2,CONNE,32,2.199,.,ug/mL,1,3.964,1.035,ug/g,3,10.3,kg/d,145.75,L/d,0.000025,.,ug/kg bw/d
2,Germany,EU,Cattle,.,240,.,583,31,IF,Y,1,FIX,2,CLAEP,29,2.178,.,ug/mL,1,2.952,0.718,ug/g,3,10.3,kg/d,145.75,L/d,7.6,3.2,ug/kg bw/d
2,Germany,EU,Cattle,.,240,.,583,31,IF,Y,1,FIX,2,CONNE,44,2.169,.,ug/mL,1,3.964,1.035,ug/g,3,10.3,kg/d,145.75,L/d,0.000025,.,ug/kg bw/d
2,Germany,EU,Cattle,.,240,.,583,31,IF,Y,1,FIX,2,CONNE,44,1.954,.,ug/mL,1,3.964,1.035,ug/g,3,10.3,kg/d,145.75,L/d,0.000025,.,ug/kg bw/d
2,Germany,EU,Cattle,.,240,.,583,31,IF,Y,1,FIX,2,CLAEP,25,1.948,.,ug/mL,1,2.952,0.718,ug/g,3,10.3,kg/d,145.75,L/d,7.6,3.2,ug/kg bw/d
2,Germany,EU,Cattle,.,240,.,583,31,IF,Y,1,FIX,2,CONNE,47,1.944,.,ug/mL,1,3.964,1.035,ug/g,3,10.3,kg/d,145.75,L/d,0.000025,.,ug/kg bw/d
2,Germany,EU,Cattle,.,240,.,583,31,IF,Y,1,FIX,2,CONNE,47,1.927,.,ug/mL,1,3.964,1.035,ug/g,3,10.3,kg/d,145.75,L/d,0.000025,.,ug/kg bw/d
2,Germany,EU,Cattle,.,240,.,583,31,IF,Y,1,FIX,2,CONNE,50,1.927,.,ug/mL,1,3.964,1.035,ug/g,3,10.3,kg/d,145.75,L/d,0.000025,.,ug/kg bw/d
2,Germany,EU,Cattle,.,240,.,583,31,IF,Y,1,FIX,2,CONNE,35,1.927,.,ug/mL,1,3.964,1.035,ug/g,3,10.3,kg/d,145.75,L/d,0.000025,.,ug/kg bw/d
2,Germany,EU,Cattle,.,240,.,583,31,IF,Y,1,FIX,2,CONNE,32,1.862,.,ug/mL,1,3.964,1.035,ug/g,3,10.3,kg/d,145.75,L/d,0.000025,.,ug/kg bw/d
2,Germany,EU,Cattle,.,240,.,583,31,IF,Y,1,FIX,2,CONNE,50,1.838,.,ug/mL,1,3.964,1.035,ug/g,3,10.3,kg/d,145.75,L/d,0.000025,.,ug/kg bw/d
2,Germany,EU,Cattle,.,240,.,583,31,IF,Y,1,FIX,2,CLAEP,25,1.829,.,ug/mL,1,2.952,0.718,ug/g,3,10.3,kg/d,145.75,L/d,7.6,3.2,ug/kg bw/d
2,Germany,EU,Cattle,.,240,.,583,31,IF,Y,1,FIX,2,CONNE,41,1.803,.,ug/mL,1,3.964,1.035,ug/g,3,10.3,kg/d,145.75,L/d,0.000025,.,ug/kg bw/d
2,Germany,EU,Cattle,.,240,.,583,31,IF,Y,1,FIX,2,CONNE,38,1.763,.,ug/mL,1,3.964,1.035,ug/g,3,10.3,kg/d,145.75,L/d,0.000025,.,ug/kg bw/d
2,Germany,EU,Cattle,.,240,.,583,31,IF,Y,1,FIX,2,CLAEP,25,1.693,.,ug/mL,1,2.952,0.718,ug/g,3,10.3,kg/d,145.75,L/d,7.6,3.2,ug/kg bw/d
2,Germany,EU,Cattle,.,240,.,583,31,IF,Y,1,FIX,2,CLAEP,20,1.64,.,ug/mL,1,2.952,0.718,ug/g,3,10.3,kg/d,145.75,L/d,7.6,3.2,ug/kg bw/d
2,Germany,EU,Cattle,.,240,.,583,31,IF,Y,1,FIX,2,CLAEP,29,1.516,.,ug/mL,1,2.952,0.718,ug/g,3,10.3,kg/d,145.75,L/d,7.6,3.2,ug/kg bw/d
2,Germany,EU,Cattle,.,240,.,583,31,IF,Y,1,FIX,2,CLAEP,25,1.5,.,ug/mL,1,2.952,0.718,ug/g,3,10.3,kg/d,145.75,L/d,7.6,3.2,ug/kg bw/d
2,Germany,EU,Cattle,.,240,.,583,31,IF,Y,1,FIX,2,CLAEP,20,1.47,.,ug/mL,1,2.952,0.718,ug/g,3,10.3,kg/d,145.75,L/d,7.6,3.2,ug/kg bw/d
2,Germany,EU,Cattle,.,240,.,583,31,IF,Y,1,FIX,2,CLAEP,29,1.306,.,ug/mL,1,2.952,0.718,ug/g,3,10.3,kg/d,145.75,L/d,7.6,3.2,ug/kg bw/d
2,Germany,EU,Cattle,.,240,.,583,31,IF,Y,1,FIX,2,CLAEP,20,1.227,.,ug/mL,1,2.952,0.718,ug/g,3,10.3,kg/d,145.75,L/d,7.6,3.2,ug/kg bw/d
2,Germany,EU,Cattle,.,240,.,583,31,IF,Y,1,FIX,2,CLAEP,25,1.192,.,ug/mL,1,2.952,0.718,ug/g,3,10.3,kg/d,145.75,L/d,7.6,3.2,ug/kg bw/d
2,Germany,EU,Cattle,.,240,.,583,31,IF,Y,1,FIX,2,CLAEP,25,0.976,.,ug/mL,1,2.952,0.718,ug/g,3,10.3,kg/d,145.75,L/d,7.6,3.2,ug/kg bw/d
2,Germany,EU,Cattle,.,240,.,583,31,IF,Y,1,FIX,2,CLAEP,15,0.935,.,ug/mL,1,2.952,0.718,ug/g,3,10.3,kg/d,145.75,L/d,7.6,3.2,ug/kg bw/d
2,Germany,EU,Cattle,.,240,.,583,31,IF,Y,1,FIX,2,CLAEP,20,0.915,.,ug/mL,1,2.952,0.718,ug/g,3,10.3,kg/d,145.75,L/d,7.6,3.2,ug/kg bw/d
2,Germany,EU,Cattle,.,240,.,583,31,IF,Y,1,FIX,2,CLAEP,15,0.864,.,ug/mL,1,2.952,0.718,ug/g,3,10.3,kg/d,145.75,L/d,7.6,3.2,ug/kg bw/d
2,Germany,EU,Cattle,.,240,.,583,31,IF,Y,1,FIX,2,CLAEP,20,0.704,.,ug/mL,1,2.952,0.718,ug/g,3,10.3,kg/d,145.75,L/d,7.6,3.2,ug/kg bw/d
2,Germany,EU,Cattle,.,240,.,583,31,IF,Y,1,FIX,2,CLAEP,15,0.61,.,ug/mL,1,2.952,0.718,ug/g,3,10.3,kg/d,145.75,L/d,7.6,3.2,ug/kg bw/d
2,Germany,EU,Cattle,.,240,.,583,31,IF,Y,1,FIX,2,CLAEP,15,0.579,.,ug/mL,1,2.952,0.718,ug/g,3,10.3,kg/d,145.75,L/d,7.6,3.2,ug/kg bw/d
2,Germany,EU,Cattle,.,240,.,583,31,IF,Y,1,FIX,2,CLAEP,10,0.47,.,ug/mL,1,2.952,0.718,ug/g,3,10.3,kg/d,145.75,L/d,7.6,3.2,ug/kg bw/d
2,Germany,EU,Cattle,.,240,.,583,31,IF,Y,1,FIX,2,CLAEP,15,0.448,.,ug/mL,1,2.952,0.718,ug/g,3,10.3,kg/d,145.75,L/d,7.6,3.2,ug/kg bw/d
2,Germany,EU,Cattle,.,240,.,583,31,IF,Y,1,FIX,2,CLAEP,10,0.414,.,ug/mL,1,2.952,0.718,ug/g,3,10.3,kg/d,145.75,L/d,7.6,3.2,ug/kg bw/d
2,Germany,EU,Cattle,.,240,.,583,31,IF,Y,1,FIX,2,CLAEP,10,0.383,.,ug/mL,1,2.952,0.718,ug/g,3,10.3,kg/d,145.75,L/d,7.6,3.2,ug/kg bw/d
2,Germany,EU,Cattle,.,240,.,583,31,IF,Y,1,FIX,2,CLAEP,7,0.315,.,ug/mL,1,2.952,0.718,ug/g,3,10.3,kg/d,145.75,L/d,7.6,3.2,ug/kg bw/d
2,Germany,EU,Cattle,.,240,.,583,31,IF,Y,1,FIX,2,CLAEP,10,0.28,.,ug/mL,1,2.952,0.718,ug/g,3,10.3,kg/d,145.75,L/d,7.6,3.2,ug/kg bw/d
2,Germany,EU,Cattle,.,240,.,583,31,IF,Y,1,FIX,2,CLAEP,7,0.269,.,ug/mL,1,2.952,0.718,ug/g,3,10.3,kg/d,145.75,L/d,7.6,3.2,ug/kg bw/d
2,Germany,EU,Cattle,.,240,.,583,31,IF,Y,1,FIX,2,CLAEP,10,0.264,.,ug/mL,1,2.952,0.718,ug/g,3,10.3,kg/d,145.75,L/d,7.6,3.2,ug/kg bw/d
2,Germany,EU,Cattle,.,240,.,583,31,IF,Y,1,FIX,2,CLAEP,7,0.195,.,ug/mL,1,2.952,0.718,ug/g,3,10.3,kg/d,145.75,L/d,7.6,3.2,ug/kg bw/d
2,Germany,EU,Cattle,.,240,.,583,31,IF,Y,1,FIX,2,CLAEP,7,0.176,.,ug/mL,1,2.952,0.718,ug/g,3,10.3,kg/d,145.75,L/d,7.6,3.2,ug/kg bw/d
2,Germany,EU,Cattle,.,240,.,583,31,IF,Y,1,FIX,2,CLAEP,10,0.171,.,ug/mL,1,2.952,0.718,ug/g,3,10.3,kg/d,145.75,L/d,7.6,3.2,ug/kg bw/d
2,Germany,EU,Cattle,.,240,.,583,31,IF,Y,1,FIX,2,CLAEP,29,0.15,.,ug/mL,1,2.952,0.718,ug/g,3,10.3,kg/d,145.75,L/d,7.6,3.2,ug/kg bw/d
2,Germany,EU,Cattle,.,240,.,583,31,IF,Y,1,FIX,2,CLAEP,4,0.145,.,ug/mL,1,2.952,0.718,ug/g,3,10.3,kg/d,145.75,L/d,7.6,3.2,ug/kg bw/d
2,Germany,EU,Cattle,.,240,.,583,31,IF,Y,1,FIX,2,CLAEP,7,0.129,.,ug/mL,1,2.952,0.718,ug/g,3,10.3,kg/d,145.75,L/d,7.6,3.2,ug/kg bw/d
2,Germany,EU,Cattle,.,240,.,583,31,IF,Y,1,FIX,2,CLAEP,4,0.106,.,ug/mL,1,2.952,0.718,ug/g,3,10.3,kg/d,145.75,L/d,7.6,3.2,ug/kg bw/d
2,Germany,EU,Cattle,.,240,.,583,31,IF,Y,1,FIX,2,CLAEP,4,0.102,.,ug/mL,1,2.952,0.718,ug/g,3,10.3,kg/d,145.75,L/d,7.6,3.2,ug/kg bw/d
2,Germany,EU,Cattle,.,240,.,583,31,IF,Y,1,FIX,2,CLAEP,20,0.096,.,ug/mL,1,2.952,0.718,ug/g,3,10.3,kg/d,145.75,L/d,7.6,3.2,ug/kg bw/d
2,Germany,EU,Cattle,.,240,.,583,31,IF,Y,1,FIX,2,CLAEP,4,0.089,.,ug/mL,1,2.952,0.718,ug/g,3,10.3,kg/d,145.75,L/d,7.6,3.2,ug/kg bw/d
2,Germany,EU,Cattle,.,240,.,583,31,IF,Y,1,FIX,2,CLAEP,4,0.081,.,ug/mL,1,2.952,0.718,ug/g,3,10.3,kg/d,145.75,L/d,7.6,3.2,ug/kg bw/d
2,Germany,EU,Cattle,.,240,.,583,31,IF,Y,1,FIX,2,CLAEP,4,0.067,.,ug/mL,1,2.952,0.718,ug/g,3,10.3,kg/d,145.75,L/d,7.6,3.2,ug/kg bw/d
2,Germany,EU,Cattle,.,240,.,583,31,IF,Y,1,FIX,2,CLAEP,7,0.03,.,ug/mL,1,2.952,0.718,ug/g,3,10.3,kg/d,145.75,L/d,7.6,3.2,ug/kg bw/d
2,Germany,EU,Cattle,.,240,.,583,31,IF,Y,1,FIX,2,CLAEP,1,0.0034,.,ug/mL,1,2.952,0.718,ug/g,3,10.3,kg/d,145.75,L/d,7.6,3.2,ug/kg bw/d
2,Germany,EU,Cattle,.,240,.,583,31,IF,Y,1,FIX,2,CLAEP,0.5,7.00E-04,.,ug/mL,1,2.952,0.718,ug/g,3,10.3,kg/d,145.75,L/d,7.6,3.2,ug/kg bw/d
2,Germany,EU,Cattle,.,240,.,583,31,IF,Y,1,FIX,2,CLAEP,0.5,7.00E-04,.,ug/mL,1,2.952,0.718,ug/g,3,10.3,kg/d,145.75,L/d,7.6,3.2,ug/kg bw/d
2,Germany,EU,Cattle,.,240,.,583,31,IF,Y,1,FIX,2,CLAEP,0.5,6.00E-04,.,ug/mL,1,2.952,0.718,ug/g,3,10.3,kg/d,145.75,L/d,7.6,3.2,ug/kg bw/d
2,Germany,EU,Cattle,.,240,.,583,31,IF,Y,1,FIX,2,CLAEP,0.5,6.00E-04,.,ug/mL,1,2.952,0.718,ug/g,3,10.3,kg/d,145.75,L/d,7.6,3.2,ug/kg bw/d
2,Germany,EU,Cattle,.,240,.,583,31,IF,Y,1,FIX,2,CLAEP,0.5,5.00E-04,.,ug/mL,1,2.952,0.718,ug/g,3,10.3,kg/d,145.75,L/d,7.6,3.2,ug/kg bw/d
2,Germany,EU,Cattle,.,240,.,583,31,IF,Y,1,FIX,2,CLAEP,1,5.00E-04,.,ug/mL,1,2.952,0.718,ug/g,3,10.3,kg/d,145.75,L/d,7.6,3.2,ug/kg bw/d
2,Germany,EU,Cattle,.,240,.,583,31,IF,Y,1,FIX,2,CLAEP,0.5,5.00E-04,.,ug/mL,1,2.952,0.718,ug/g,3,10.3,kg/d,145.75,L/d,7.6,3.2,ug/kg bw/d
2,Germany,EU,Cattle,.,240,.,583,31,IF,Y,1,FIX,2,CLAEP,1,5.00E-04,.,ug/mL,1,2.952,0.718,ug/g,3,10.3,kg/d,145.75,L/d,7.6,3.2,ug/kg bw/d
2,Germany,EU,Cattle,.,240,.,583,31,IF,Y,1,FIX,2,CLAEP,1,4.00E-04,.,ug/mL,1,2.952,0.718,ug/g,3,10.3,kg/d,145.75,L/d,7.6,3.2,ug/kg bw/d
2,Germany,EU,Cattle,.,240,.,583,31,IF,Y,1,FIX,2,CLAEP,1,4.00E-04,.,ug/mL,1,2.952,0.718,ug/g,3,10.3,kg/d,145.75,L/d,7.6,3.2,ug/kg bw/d
2,Germany,EU,Cattle,.,240,.,583,31,IF,Y,1,FIX,2,CLAEP,1,3.00E-04,.,ug/mL,1,2.952,0.718,ug/g,3,10.3,kg/d,145.75,L/d,7.6,3.2,ug/kg bw/d
3,USA,NAM,Cattle,.,240,.,329,36,CM,N,1,FIX,3,CLAEP,1,52.597,3.39,ug/mL,3,17.9,2.3,ug/g,3,9.87,kg/d,42.77,L/d,8000,.,ug/kg bw
3,USA,NAM,Cattle,.,240,.,329,36,CM,N,1,FIX,3,CLAEP,1,47.968,1.47,ug/mL,3,17.9,2.3,ug/g,3,9.87,kg/d,42.77,L/d,8000,.,ug/kg bw
3,USA,NAM,Cattle,.,240,.,329,36,CM,N,1,FIX,3,CLAEP,1,46.278,9.01,ug/mL,3,17.9,2.3,ug/g,3,9.87,kg/d,42.77,L/d,8000,.,ug/kg bw
3,USA,NAM,Cattle,.,240,.,329,36,CM,N,1,FIX,3,CLAEP,1,36.256,3.47,ug/mL,3,17.9,2.3,ug/g,3,9.87,kg/d,42.77,L/d,8000,.,ug/kg bw
3,USA,NAM,Cattle,.,240,.,329,36,CM,N,1,FIX,3,CLAEP,1,35.24,5.24,ug/mL,3,17.9,2.3,ug/g,3,9.87,kg/d,42.77,L/d,8000,.,ug/kg bw
3,USA,NAM,Cattle,.,240,.,329,36,CM,N,1,FIX,3,CLAEP,1,34.977,4.81,ug/mL,3,17.9,2.3,ug/g,3,9.87,kg/d,42.77,L/d,8000,.,ug/kg bw
3,USA,NAM,Cattle,.,240,.,329,36,CM,N,1,FIX,3,CLAEP,1,34.095,8.59,ug/mL,3,17.9,2.3,ug/g,3,9.87,kg/d,42.77,L/d,8000,.,ug/kg bw
3,USA,NAM,Cattle,.,240,.,329,36,CM,N,1,FIX,3,CLAEP,1,28.582,6.07,ug/mL,3,17.9,2.3,ug/g,3,9.87,kg/d,42.77,L/d,8000,.,ug/kg bw
3,USA,NAM,Cattle,.,240,.,329,36,CM,N,1,FIX,3,CLAEP,1,28.208,7.96,ug/mL,3,17.9,2.3,ug/g,3,9.87,kg/d,42.77,L/d,8000,.,ug/kg bw
3,USA,NAM,Cattle,.,240,.,329,36,CM,N,1,FIX,3,CLAEP,1,26.675,5.62,ug/mL,3,17.9,2.3,ug/g,3,9.87,kg/d,42.77,L/d,8000,.,ug/kg bw
3,USA,NAM,Cattle,.,240,.,329,36,CM,N,1,FIX,3,CLAEP,1,24.955,4.27,ug/mL,3,17.9,2.3,ug/g,3,9.87,kg/d,42.77,L/d,8000,.,ug/kg bw
3,USA,NAM,Cattle,.,240,.,329,36,CM,N,1,FIX,3,CLAEP,1,21.655,3.23,ug/mL,3,17.9,2.3,ug/g,3,9.87,kg/d,42.77,L/d,8000,.,ug/kg bw
3,USA,NAM,Cattle,.,240,.,329,36,CM,N,1,FIX,3,CLAEP,1,21.643,5.21,ug/mL,3,17.9,2.3,ug/g,3,9.87,kg/d,42.77,L/d,8000,.,ug/kg bw
3,USA,NAM,Cattle,.,240,.,329,36,CM,N,1,FIX,3,CLAEP,1,13.239,3.47,ug/mL,3,17.9,2.3,ug/g,3,9.87,kg/d,42.77,L/d,8000,.,ug/kg bw
3,USA,NAM,Cattle,.,240,.,329,36,CM,N,1,FIX,3,CLAEP,1,8.816,2.96,ug/mL,3,17.9,2.3,ug/g,3,9.87,kg/d,42.77,L/d,8000,.,ug/kg bw
3,USA,NAM,Cattle,.,240,.,329,36,CM,N,1,FIX,3,CLAEP,1,5.4,1.45,ug/mL,3,17.9,2.3,ug/g,3,9.87,kg/d,42.77,L/d,8000,.,ug/kg bw
3,USA,NAM,Cattle,.,240,.,329,36,CM,N,1,FIX,3,CLAEP,1,1.612,0.55,ug/mL,3,17.9,2.3,ug/g,3,9.87,kg/d,42.77,L/d,8000,.,ug/kg bw
3,USA,NAM,Cattle,.,240,.,329,36,CM,N,1,FIX,3,CLAEP,1,0.388,0.14,ug/mL,3,17.9,2.3,ug/g,3,9.87,kg/d,42.77,L/d,8000,.,ug/kg bw
3,USA,NAM,Cattle,.,240,.,329,36,CM,N,1,FIX,3,CLAEP,1,0.016,0.008,ug/mL,3,17.9,2.3,ug/g,3,9.87,kg/d,42.77,L/d,8000,.,ug/kg bw
4,USA,NAM,Cattle,.,240,.,308.1,29.9,IF,N,1,FIX,4,CLAEP,1,79.18,.,ug/mL,1,8.76,3.54,ug/g,2,9.243,kg/d,40.05,L/d,9090,.,ug/kg bw
4,USA,NAM,Cattle,.,240,.,308.1,29.9,IF,N,1,FIX,4,CLAEP,1,77.47,.,ug/mL,1,4.74,0.56,ug/g,2,9.243,kg/d,40.05,L/d,9090,.,ug/kg bw
4,USA,NAM,Cattle,.,240,.,308.1,29.9,IF,N,1,FIX,4,CLAEP,1,72.51,.,ug/mL,1,8.76,3.54,ug/g,2,9.243,kg/d,40.05,L/d,9090,.,ug/kg bw
4,USA,NAM,Cattle,.,240,.,308.1,29.9,IF,N,1,FIX,4,CLAEP,1,71.37,.,ug/mL,1,4.74,0.56,ug/g,2,9.243,kg/d,40.05,L/d,9090,.,ug/kg bw
4,USA,NAM,Cattle,.,240,.,308.1,29.9,IF,N,1,FIX,4,CLAEP,1,71.09,.,ug/mL,1,4.74,0.56,ug/g,2,9.243,kg/d,40.05,L/d,9090,.,ug/kg bw
4,USA,NAM,Cattle,.,240,.,308.1,29.9,IF,N,1,FIX,4,CLAEP,1,68.87,.,ug/mL,1,4.74,0.56,ug/g,2,9.243,kg/d,40.05,L/d,9090,.,ug/kg bw
4,USA,NAM,Cattle,.,240,.,308.1,29.9,IF,N,1,FIX,4,CLAEP,1,64.55,.,ug/mL,1,8.76,3.54,ug/g,2,9.243,kg/d,40.05,L/d,9090,.,ug/kg bw
4,USA,NAM,Cattle,.,240,.,308.1,29.9,IF,N,1,FIX,4,CLAEP,1,63.51,.,ug/mL,1,4.74,0.56,ug/g,2,9.243,kg/d,40.05,L/d,9090,.,ug/kg bw
4,USA,NAM,Cattle,.,240,.,308.1,29.9,IF,N,1,FIX,4,CLAEP,1,56.77,.,ug/mL,1,8.76,3.54,ug/g,2,9.243,kg/d,40.05,L/d,9090,.,ug/kg bw
4,USA,NAM,Cattle,.,240,.,308.1,29.9,IF,N,1,FIX,4,CLAEP,1,56.66,.,ug/mL,1,4.74,0.56,ug/g,2,9.243,kg/d,40.05,L/d,9090,.,ug/kg bw
4,USA,NAM,Cattle,.,240,.,308.1,29.9,IF,N,1,FIX,4,CLAEP,1,56.01,.,ug/mL,1,4.74,0.56,ug/g,2,9.243,kg/d,40.05,L/d,9090,.,ug/kg bw
4,USA,NAM,Cattle,.,240,.,308.1,29.9,IF,N,1,FIX,4,CLAEP,1,54.1,.,ug/mL,1,4.74,0.56,ug/g,2,9.243,kg/d,40.05,L/d,9090,.,ug/kg bw
4,USA,NAM,Cattle,.,240,.,308.1,29.9,IF,N,1,FIX,4,CLAEP,1,52.81,.,ug/mL,1,8.76,3.54,ug/g,2,9.243,kg/d,40.05,L/d,9090,.,ug/kg bw
4,USA,NAM,Cattle,.,240,.,308.1,29.9,IF,N,1,FIX,4,CLAEP,1,52.38,.,ug/mL,1,8.76,3.54,ug/g,2,9.243,kg/d,40.05,L/d,9090,.,ug/kg bw
4,USA,NAM,Cattle,.,240,.,308.1,29.9,IF,N,1,FIX,4,CLAEP,1,50.88,.,ug/mL,1,8.76,3.54,ug/g,2,9.243,kg/d,40.05,L/d,9090,.,ug/kg bw
4,USA,NAM,Cattle,.,240,.,308.1,29.9,IF,N,1,FIX,4,CLAEP,1,50.46,.,ug/mL,1,4.74,0.56,ug/g,2,9.243,kg/d,40.05,L/d,9090,.,ug/kg bw
4,USA,NAM,Cattle,.,240,.,308.1,29.9,IF,N,1,FIX,4,CLAEP,1,48.13,.,ug/mL,1,4.74,0.56,ug/g,2,9.243,kg/d,40.05,L/d,9090,.,ug/kg bw
4,USA,NAM,Cattle,.,240,.,308.1,29.9,IF,N,1,FIX,4,CLAEP,1,47.85,.,ug/mL,1,8.76,3.54,ug/g,2,9.243,kg/d,40.05,L/d,9090,.,ug/kg bw
4,USA,NAM,Cattle,.,240,.,308.1,29.9,IF,N,1,FIX,4,CLAEP,1,47.15,.,ug/mL,1,8.76,3.54,ug/g,2,9.243,kg/d,40.05,L/d,9090,.,ug/kg bw
4,USA,NAM,Cattle,.,240,.,308.1,29.9,IF,N,1,FIX,4,CLAEP,1,46.17,.,ug/mL,1,4.74,0.56,ug/g,2,9.243,kg/d,40.05,L/d,9090,.,ug/kg bw
4,USA,NAM,Cattle,.,240,.,308.1,29.9,IF,N,1,FIX,4,CLAEP,1,46.1,.,ug/mL,1,8.76,3.54,ug/g,2,9.243,kg/d,40.05,L/d,9090,.,ug/kg bw
4,USA,NAM,Cattle,.,240,.,308.1,29.9,IF,N,1,FIX,4,CLAEP,1,46.07,.,ug/mL,1,8.76,3.54,ug/g,2,9.243,kg/d,40.05,L/d,9090,.,ug/kg bw
4,USA,NAM,Cattle,.,240,.,308.1,29.9,IF,N,1,FIX,4,CLAEP,1,45.93,.,ug/mL,1,4.74,0.56,ug/g,2,9.243,kg/d,40.05,L/d,9090,.,ug/kg bw
4,USA,NAM,Cattle,.,240,.,308.1,29.9,IF,N,1,FIX,4,CLAEP,1,45.23,.,ug/mL,1,8.76,3.54,ug/g,2,9.243,kg/d,40.05,L/d,9090,.,ug/kg bw
4,USA,NAM,Cattle,.,240,.,308.1,29.9,IF,N,1,FIX,4,CLAEP,1,43.56,.,ug/mL,1,4.74,0.56,ug/g,2,9.243,kg/d,40.05,L/d,9090,.,ug/kg bw
4,USA,NAM,Cattle,.,240,.,308.1,29.9,IF,N,1,FIX,4,CLAEP,1,43.45,.,ug/mL,1,4.74,0.56,ug/g,2,9.243,kg/d,40.05,L/d,9090,.,ug/kg bw
4,USA,NAM,Cattle,.,240,.,308.1,29.9,IF,N,1,FIX,4,CLAEP,1,42.13,.,ug/mL,1,4.74,0.56,ug/g,2,9.243,kg/d,40.05,L/d,9090,.,ug/kg bw
4,USA,NAM,Cattle,.,240,.,308.1,29.9,IF,N,1,FIX,4,CLAEP,1,41.49,.,ug/mL,1,8.76,3.54,ug/g,2,9.243,kg/d,40.05,L/d,9090,.,ug/kg bw
4,USA,NAM,Cattle,.,240,.,308.1,29.9,IF,N,1,FIX,4,CLAEP,1,40.57,.,ug/mL,1,8.76,3.54,ug/g,2,9.243,kg/d,40.05,L/d,9090,.,ug/kg bw
4,USA,NAM,Cattle,.,240,.,308.1,29.9,IF,N,1,FIX,4,CLAEP,1,40.52,.,ug/mL,1,4.74,0.56,ug/g,2,9.243,kg/d,40.05,L/d,9090,.,ug/kg bw
4,USA,NAM,Cattle,.,240,.,308.1,29.9,IF,N,1,FIX,4,CLAEP,1,39.66,.,ug/mL,1,8.76,3.54,ug/g,2,9.243,kg/d,40.05,L/d,9090,.,ug/kg bw
4,USA,NAM,Cattle,.,240,.,308.1,29.9,IF,N,1,FIX,4,CLAEP,1,39.39,.,ug/mL,1,8.76,3.54,ug/g,2,9.243,kg/d,40.05,L/d,9090,.,ug/kg bw
4,USA,NAM,Cattle,.,240,.,308.1,29.9,IF,N,1,FIX,4,CLAEP,1,39.27,.,ug/mL,1,8.76,3.54,ug/g,2,9.243,kg/d,40.05,L/d,9090,.,ug/kg bw
4,USA,NAM,Cattle,.,240,.,308.1,29.9,IF,N,1,FIX,4,CLAEP,1,38.7,.,ug/mL,1,4.74,0.56,ug/g,2,9.243,kg/d,40.05,L/d,9090,.,ug/kg bw
4,USA,NAM,Cattle,.,240,.,308.1,29.9,IF,N,1,FIX,4,CLAEP,1,38.23,.,ug/mL,1,4.74,0.56,ug/g,2,9.243,kg/d,40.05,L/d,9090,.,ug/kg bw
4,USA,NAM,Cattle,.,240,.,308.1,29.9,IF,N,1,FIX,4,CLAEP,1,36.99,.,ug/mL,1,8.76,3.54,ug/g,2,9.243,kg/d,40.05,L/d,9090,.,ug/kg bw
4,USA,NAM,Cattle,.,240,.,308.1,29.9,IF,N,1,FIX,4,CLAEP,1,36.92,.,ug/mL,1,4.74,0.56,ug/g,2,9.243,kg/d,40.05,L/d,9090,.,ug/kg bw
4,USA,NAM,Cattle,.,240,.,308.1,29.9,IF,N,1,FIX,4,CLAEP,1,35.93,.,ug/mL,1,4.74,0.56,ug/g,2,9.243,kg/d,40.05,L/d,9090,.,ug/kg bw
4,USA,NAM,Cattle,.,240,.,308.1,29.9,IF,N,1,FIX,4,CLAEP,1,34.75,.,ug/mL,1,4.74,0.56,ug/g,2,9.243,kg/d,40.05,L/d,9090,.,ug/kg bw
4,USA,NAM,Cattle,.,240,.,308.1,29.9,IF,N,1,FIX,4,CLAEP,1,34.17,.,ug/mL,1,4.74,0.56,ug/g,2,9.243,kg/d,40.05,L/d,9090,.,ug/kg bw
4,USA,NAM,Cattle,.,240,.,308.1,29.9,IF,N,1,FIX,4,CLAEP,1,34.01,.,ug/mL,1,4.74,0.56,ug/g,2,9.243,kg/d,40.05,L/d,9090,.,ug/kg bw
4,USA,NAM,Cattle,.,240,.,308.1,29.9,IF,N,1,FIX,4,CLAEP,1,33.7,.,ug/mL,1,4.74,0.56,ug/g,2,9.243,kg/d,40.05,L/d,9090,.,ug/kg bw
4,USA,NAM,Cattle,.,240,.,308.1,29.9,IF,N,1,FIX,4,CLAEP,1,33.56,.,ug/mL,1,8.76,3.54,ug/g,2,9.243,kg/d,40.05,L/d,9090,.,ug/kg bw
4,USA,NAM,Cattle,.,240,.,308.1,29.9,IF,N,1,FIX,4,CLAEP,1,32.78,.,ug/mL,1,8.76,3.54,ug/g,2,9.243,kg/d,40.05,L/d,9090,.,ug/kg bw
4,USA,NAM,Cattle,.,240,.,308.1,29.9,IF,N,1,FIX,4,CLAEP,1,32.58,.,ug/mL,1,4.74,0.56,ug/g,2,9.243,kg/d,40.05,L/d,9090,.,ug/kg bw
4,USA,NAM,Cattle,.,240,.,308.1,29.9,IF,N,1,FIX,4,CLAEP,1,32.11,.,ug/mL,1,8.76,3.54,ug/g,2,9.243,kg/d,40.05,L/d,9090,.,ug/kg bw
4,USA,NAM,Cattle,.,240,.,308.1,29.9,IF,N,1,FIX,4,CLAEP,1,31.27,.,ug/mL,1,8.76,3.54,ug/g,2,9.243,kg/d,40.05,L/d,9090,.,ug/kg bw
4,USA,NAM,Cattle,.,240,.,308.1,29.9,IF,N,1,FIX,4,CLAEP,1,31.23,.,ug/mL,1,4.74,0.56,ug/g,2,9.243,kg/d,40.05,L/d,9090,.,ug/kg bw
4,USA,NAM,Cattle,.,240,.,308.1,29.9,IF,N,1,FIX,4,CLAEP,1,30.8,.,ug/mL,1,4.74,0.56,ug/g,2,9.243,kg/d,40.05,L/d,9090,.,ug/kg bw
4,USA,NAM,Cattle,.,240,.,308.1,29.9,IF,N,1,FIX,4,CLAEP,1,30.41,.,ug/mL,1,4.74,0.56,ug/g,2,9.243,kg/d,40.05,L/d,9090,.,ug/kg bw
4,USA,NAM,Cattle,.,240,.,308.1,29.9,IF,N,1,FIX,4,CLAEP,1,28.93,.,ug/mL,1,8.76,3.54,ug/g,2,9.243,kg/d,40.05,L/d,9090,.,ug/kg bw
4,USA,NAM,Cattle,.,240,.,308.1,29.9,IF,N,1,FIX,4,CLAEP,1,27.46,.,ug/mL,1,4.74,0.56,ug/g,2,9.243,kg/d,40.05,L/d,9090,.,ug/kg bw
4,USA,NAM,Cattle,.,240,.,308.1,29.9,IF,N,1,FIX,4,CLAEP,1,26.26,.,ug/mL,1,8.76,3.54,ug/g,2,9.243,kg/d,40.05,L/d,9090,.,ug/kg bw
4,USA,NAM,Cattle,.,240,.,308.1,29.9,IF,N,1,FIX,4,CLAEP,1,25.61,.,ug/mL,1,4.74,0.56,ug/g,2,9.243,kg/d,40.05,L/d,9090,.,ug/kg bw
4,USA,NAM,Cattle,.,240,.,308.1,29.9,IF,N,1,FIX,4,CLAEP,1,23.82,.,ug/mL,1,4.74,0.56,ug/g,2,9.243,kg/d,40.05,L/d,9090,.,ug/kg bw
4,USA,NAM,Cattle,.,240,.,308.1,29.9,IF,N,1,FIX,4,CLAEP,1,22.42,.,ug/mL,1,4.74,0.56,ug/g,2,9.243,kg/d,40.05,L/d,9090,.,ug/kg bw
4,USA,NAM,Cattle,.,240,.,308.1,29.9,IF,N,1,FIX,4,CLAEP,1,19.18,.,ug/mL,1,4.74,0.56,ug/g,2,9.243,kg/d,40.05,L/d,9090,.,ug/kg bw
4,USA,NAM,Cattle,.,240,.,308.1,29.9,IF,N,1,FIX,4,CLAEP,1,19.03,.,ug/mL,1,4.74,0.56,ug/g,2,9.243,kg/d,40.05,L/d,9090,.,ug/kg bw
4,USA,NAM,Cattle,.,240,.,308.1,29.9,IF,N,1,FIX,4,CLAEP,1,17.27,.,ug/mL,1,4.74,0.56,ug/g,2,9.243,kg/d,40.05,L/d,9090,.,ug/kg bw
4,USA,NAM,Cattle,.,240,.,308.1,29.9,IF,N,1,FIX,4,CLAEP,1,16.88,.,ug/mL,1,4.74,0.56,ug/g,2,9.243,kg/d,40.05,L/d,9090,.,ug/kg bw
4,USA,NAM,Cattle,.,240,.,308.1,29.9,IF,N,1,FIX,4,CLAEP,1,15.36,.,ug/mL,1,4.74,0.56,ug/g,2,9.243,kg/d,40.05,L/d,9090,.,ug/kg bw
4,USA,NAM,Cattle,.,240,.,308.1,29.9,IF,N,1,FIX,4,CLAEP,1,14.91,.,ug/mL,1,4.74,0.56,ug/g,2,9.243,kg/d,40.05,L/d,9090,.,ug/kg bw
4,USA,NAM,Cattle,.,240,.,308.1,29.9,IF,N,1,FIX,4,CLAEP,1,12.34,.,ug/mL,1,4.74,0.56,ug/g,2,9.243,kg/d,40.05,L/d,9090,.,ug/kg bw
4,USA,NAM,Cattle,.,240,.,308.1,29.9,IF,N,1,FIX,4,CLAEP,1,12.2,.,ug/mL,1,4.74,0.56,ug/g,2,9.243,kg/d,40.05,L/d,9090,.,ug/kg bw
4,USA,NAM,Cattle,.,240,.,308.1,29.9,IF,N,1,FIX,4,CLAEP,1,9.52,.,ug/mL,1,4.74,0.56,ug/g,2,9.243,kg/d,40.05,L/d,9090,.,ug/kg bw
4,USA,NAM,Cattle,.,240,.,308.1,29.9,IF,N,1,FIX,4,CLAEP,1,9.417,.,ug/mL,1,4.74,0.56,ug/g,2,9.243,kg/d,40.05,L/d,9090,.,ug/kg bw
4,USA,NAM,Cattle,.,240,.,308.1,29.9,IF,N,1,FIX,4,CLAEP,1,9.11,.,ug/mL,1,4.74,0.56,ug/g,2,9.243,kg/d,40.05,L/d,9090,.,ug/kg bw
4,USA,NAM,Cattle,.,240,.,308.1,29.9,IF,N,1,FIX,4,CLAEP,1,7.55,.,ug/mL,1,4.74,0.56,ug/g,2,9.243,kg/d,40.05,L/d,9090,.,ug/kg bw
4,USA,NAM,Cattle,.,240,.,308.1,29.9,IF,N,1,FIX,4,CLAEP,1,5.33,.,ug/mL,1,8.76,3.54,ug/g,2,9.243,kg/d,40.05,L/d,9090,.,ug/kg bw
4,USA,NAM,Cattle,.,240,.,308.1,29.9,IF,N,1,FIX,4,CLAEP,1,4.01,.,ug/mL,1,8.76,3.54,ug/g,2,9.243,kg/d,40.05,L/d,9090,.,ug/kg bw
4,USA,NAM,Cattle,.,240,.,308.1,29.9,IF,N,1,FIX,4,CLAEP,1,3.97,.,ug/mL,1,4.74,0.56,ug/g,2,9.243,kg/d,40.05,L/d,9090,.,ug/kg bw
4,USA,NAM,Cattle,.,240,.,308.1,29.9,IF,N,1,FIX,4,CLAEP,1,3.09,.,ug/mL,1,4.74,0.56,ug/g,2,9.243,kg/d,40.05,L/d,9090,.,ug/kg bw
4,USA,NAM,Cattle,.,240,.,307.3,11.1,CM,N,1,FIX,4,CLAEP,1,0.67,.,ug/mL,1,0.149,0.015,ug/g,2,9.219,kg/d,39.95,L/d,98,.,ug/kg bw
4,USA,NAM,Cattle,.,240,.,307.3,11.1,CM,N,1,FIX,4,CLAEP,1,0.65,.,ug/mL,1,0.149,0.015,ug/g,2,9.219,kg/d,39.95,L/d,98,.,ug/kg bw
4,USA,NAM,Cattle,.,240,.,307.3,11.1,CM,N,1,FIX,4,CLAEP,1,0.65,.,ug/mL,1,0.149,0.015,ug/g,2,9.219,kg/d,39.95,L/d,98,.,ug/kg bw
4,USA,NAM,Cattle,.,240,.,307.3,11.1,CM,N,1,FIX,4,CLAEP,1,0.6,.,ug/mL,1,0.149,0.015,ug/g,2,9.219,kg/d,39.95,L/d,98,.,ug/kg bw
4,USA,NAM,Cattle,.,240,.,307.3,11.1,CM,N,1,FIX,4,CLAEP,1,0.6,.,ug/mL,1,0.149,0.015,ug/g,2,9.219,kg/d,39.95,L/d,98,.,ug/kg bw
4,USA,NAM,Cattle,.,240,.,307.3,11.1,CM,N,1,FIX,4,CLAEP,1,0.57,.,ug/mL,1,0.149,0.015,ug/g,2,9.219,kg/d,39.95,L/d,98,.,ug/kg bw
4,USA,NAM,Cattle,.,240,.,307.3,11.1,CM,N,1,FIX,4,CLAEP,1,0.56,.,ug/mL,1,0.149,0.015,ug/g,2,9.219,kg/d,39.95,L/d,98,.,ug/kg bw
4,USA,NAM,Cattle,.,240,.,307.3,11.1,CM,N,1,FIX,4,CLAEP,1,0.52,.,ug/mL,1,0.149,0.015,ug/g,2,9.219,kg/d,39.95,L/d,98,.,ug/kg bw
4,USA,NAM,Cattle,.,240,.,307.3,11.1,CM,N,1,FIX,4,CLAEP,1,0.52,.,ug/mL,1,0.149,0.015,ug/g,2,9.219,kg/d,39.95,L/d,98,.,ug/kg bw
4,USA,NAM,Cattle,.,240,.,307.3,11.1,CM,N,1,FIX,4,CLAEP,1,0.52,.,ug/mL,1,0.149,0.015,ug/g,2,9.219,kg/d,39.95,L/d,98,.,ug/kg bw
4,USA,NAM,Cattle,.,240,.,307.3,11.1,CM,N,1,FIX,4,CLAEP,1,0.49,.,ug/mL,1,0.149,0.015,ug/g,2,9.219,kg/d,39.95,L/d,98,.,ug/kg bw
4,USA,NAM,Cattle,.,240,.,307.3,11.1,CM,N,1,FIX,4,CLAEP,1,0.42,.,ug/mL,1,0.149,0.015,ug/g,2,9.219,kg/d,39.95,L/d,98,.,ug/kg bw
4,USA,NAM,Cattle,.,240,.,307.3,11.1,CM,N,1,FIX,4,CLAEP,1,0.41,.,ug/mL,1,0.149,0.015,ug/g,2,9.219,kg/d,39.95,L/d,98,.,ug/kg bw
4,USA,NAM,Cattle,.,240,.,307.3,11.1,CM,N,1,FIX,4,CLAEP,1,0.41,.,ug/mL,1,0.149,0.015,ug/g,2,9.219,kg/d,39.95,L/d,98,.,ug/kg bw
4,USA,NAM,Cattle,.,240,.,307.3,11.1,CM,N,1,FIX,4,CLAEP,1,0.4,.,ug/mL,1,0.149,0.015,ug/g,2,9.219,kg/d,39.95,L/d,98,.,ug/kg bw
4,USA,NAM,Cattle,.,240,.,307.3,11.1,CM,N,1,FIX,4,CLAEP,1,0.4,.,ug/mL,1,0.149,0.015,ug/g,2,9.219,kg/d,39.95,L/d,98,.,ug/kg bw
4,USA,NAM,Cattle,.,240,.,307.3,11.1,CM,N,1,FIX,4,CLAEP,1,0.4,.,ug/mL,1,0.149,0.015,ug/g,2,9.219,kg/d,39.95,L/d,98,.,ug/kg bw
4,USA,NAM,Cattle,.,240,.,307.3,11.1,CM,N,1,FIX,4,CLAEP,1,0.39,.,ug/mL,1,0.149,0.015,ug/g,2,9.219,kg/d,39.95,L/d,98,.,ug/kg bw
4,USA,NAM,Cattle,.,240,.,307.3,11.1,CM,N,1,FIX,4,CLAEP,1,0.39,.,ug/mL,1,0.149,0.015,ug/g,2,9.219,kg/d,39.95,L/d,98,.,ug/kg bw
4,USA,NAM,Cattle,.,240,.,307.3,11.1,CM,N,1,FIX,4,CLAEP,1,0.38,.,ug/mL,1,0.149,0.015,ug/g,2,9.219,kg/d,39.95,L/d,98,.,ug/kg bw
4,USA,NAM,Cattle,.,240,.,307.3,11.1,CM,N,1,FIX,4,CLAEP,1,0.37,.,ug/mL,1,0.149,0.015,ug/g,2,9.219,kg/d,39.95,L/d,98,.,ug/kg bw
4,USA,NAM,Cattle,.,240,.,307.3,11.1,CM,N,1,FIX,4,CLAEP,1,0.37,.,ug/mL,1,0.149,0.015,ug/g,2,9.219,kg/d,39.95,L/d,98,.,ug/kg bw
4,USA,NAM,Cattle,.,240,.,307.3,11.1,CM,N,1,FIX,4,CLAEP,1,0.36,.,ug/mL,1,0.149,0.015,ug/g,2,9.219,kg/d,39.95,L/d,98,.,ug/kg bw
4,USA,NAM,Cattle,.,240,.,307.3,11.1,CM,N,1,FIX,4,CLAEP,1,0.35,.,ug/mL,1,0.149,0.015,ug/g,2,9.219,kg/d,39.95,L/d,98,.,ug/kg bw
4,USA,NAM,Cattle,.,240,.,307.3,11.1,CM,N,1,FIX,4,CLAEP,1,0.31,.,ug/mL,1,0.149,0.015,ug/g,2,9.219,kg/d,39.95,L/d,98,.,ug/kg bw
4,USA,NAM,Cattle,.,240,.,307.3,11.1,CM,N,1,FIX,4,CLAEP,1,0.3,.,ug/mL,1,0.149,0.015,ug/g,2,9.219,kg/d,39.95,L/d,98,.,ug/kg bw
4,USA,NAM,Cattle,.,240,.,307.3,11.1,CM,N,1,FIX,4,CLAEP,1,0.29,.,ug/mL,1,0.149,0.015,ug/g,2,9.219,kg/d,39.95,L/d,98,.,ug/kg bw
4,USA,NAM,Cattle,.,240,.,307.3,11.1,CM,N,1,FIX,4,CLAEP,1,0.29,.,ug/mL,1,0.149,0.015,ug/g,2,9.219,kg/d,39.95,L/d,98,.,ug/kg bw
4,USA,NAM,Cattle,.,240,.,307.3,11.1,CM,N,1,FIX,4,CLAEP,1,0.28,.,ug/mL,1,0.149,0.015,ug/g,2,9.219,kg/d,39.95,L/d,98,.,ug/kg bw
4,USA,NAM,Cattle,.,240,.,307.3,11.1,CM,N,1,FIX,4,CLAEP,1,0.26,.,ug/mL,1,0.149,0.015,ug/g,2,9.219,kg/d,39.95,L/d,98,.,ug/kg bw
4,USA,NAM,Cattle,.,240,.,307.3,11.1,CM,N,1,FIX,4,CLAEP,1,0.23,.,ug/mL,1,0.149,0.015,ug/g,2,9.219,kg/d,39.95,L/d,98,.,ug/kg bw
4,USA,NAM,Cattle,.,240,.,307.3,11.1,CM,N,1,FIX,4,CLAEP,1,0.23,.,ug/mL,1,0.149,0.015,ug/g,2,9.219,kg/d,39.95,L/d,98,.,ug/kg bw
4,USA,NAM,Cattle,.,240,.,307.3,11.1,CM,N,1,FIX,4,CLAEP,1,0.22,.,ug/mL,1,0.149,0.015,ug/g,2,9.219,kg/d,39.95,L/d,98,.,ug/kg bw
4,USA,NAM,Cattle,.,240,.,307.3,11.1,CM,N,1,FIX,4,CLAEP,1,0.21,.,ug/mL,1,0.149,0.015,ug/g,2,9.219,kg/d,39.95,L/d,98,.,ug/kg bw
4,USA,NAM,Cattle,.,240,.,307.3,11.1,CM,N,1,FIX,4,CLAEP,1,0.17,.,ug/mL,1,0.149,0.015,ug/g,2,9.219,kg/d,39.95,L/d,98,.,ug/kg bw
4,USA,NAM,Cattle,.,240,.,307.3,11.1,CM,N,1,FIX,4,CLAEP,1,0.17,.,ug/mL,1,0.149,0.015,ug/g,2,9.219,kg/d,39.95,L/d,98,.,ug/kg bw
4,USA,NAM,Cattle,.,240,.,307.3,11.1,CM,N,1,FIX,4,CLAEP,1,0.17,.,ug/mL,1,0.149,0.015,ug/g,2,9.219,kg/d,39.95,L/d,98,.,ug/kg bw
4,USA,NAM,Cattle,.,240,.,307.3,11.1,CM,N,1,FIX,4,CLANEP,0,0.17,.,ug/mL,1,.,.,.,.,9.219,kg/d,39.95,L/d,0.000025,.,ug/kg bw
4,USA,NAM,Cattle,.,240,.,307.3,11.1,CM,N,1,FIX,4,CLAEP,1,0.16,.,ug/mL,1,0.149,0.015,ug/g,2,9.219,kg/d,39.95,L/d,98,.,ug/kg bw
4,USA,NAM,Cattle,.,240,.,307.3,11.1,CM,N,1,FIX,4,CLANEP,0,0.16,.,ug/mL,1,.,.,.,.,9.219,kg/d,39.95,L/d,0.000025,.,ug/kg bw
4,USA,NAM,Cattle,.,240,.,307.3,11.1,CM,N,1,FIX,4,CLAEP,1,0.14,.,ug/mL,1,0.149,0.015,ug/g,2,9.219,kg/d,39.95,L/d,98,.,ug/kg bw
4,USA,NAM,Cattle,.,240,.,307.3,11.1,CM,N,1,FIX,4,CLAEP,1,0.13,.,ug/mL,1,0.149,0.015,ug/g,2,9.219,kg/d,39.95,L/d,98,.,ug/kg bw
4,USA,NAM,Cattle,.,240,.,307.3,11.1,CM,N,1,FIX,4,CLAEP,1,0.13,.,ug/mL,1,0.149,0.015,ug/g,2,9.219,kg/d,39.95,L/d,98,.,ug/kg bw
4,USA,NAM,Cattle,.,240,.,307.3,11.1,CM,N,1,FIX,4,CLANEP,0,0.13,.,ug/mL,1,.,.,.,.,9.219,kg/d,39.95,L/d,0.000025,.,ug/kg bw
4,USA,NAM,Cattle,.,240,.,307.3,11.1,CM,N,1,FIX,4,CLANEP,0,0.11,.,ug/mL,1,.,.,.,.,9.219,kg/d,39.95,L/d,0.000025,.,ug/kg bw
4,USA,NAM,Cattle,.,240,.,307.3,11.1,CM,N,1,FIX,4,CLANEP,0,0.1,.,ug/mL,1,.,.,.,.,9.219,kg/d,39.95,L/d,0.000025,.,ug/kg bw
4,USA,NAM,Cattle,.,240,.,307.3,11.1,CM,N,1,FIX,4,CLANEP,0,0.1,.,ug/mL,1,.,.,.,.,9.219,kg/d,39.95,L/d,0.000025,.,ug/kg bw
4,USA,NAM,Cattle,.,240,.,307.3,11.1,CM,N,1,FIX,4,CLANEP,0,0.1,.,ug/mL,1,.,.,.,.,9.219,kg/d,39.95,L/d,0.000025,.,ug/kg bw
4,USA,NAM,Cattle,.,240,.,307.3,11.1,CM,N,1,FIX,4,CLANEP,0,0.1,.,ug/mL,1,.,.,.,.,9.219,kg/d,39.95,L/d,0.000025,.,ug/kg bw
4,USA,NAM,Cattle,.,240,.,307.3,11.1,CM,N,1,FIX,4,CLANEP,0,0.1,.,ug/mL,1,.,.,.,.,9.219,kg/d,39.95,L/d,0.000025,.,ug/kg bw
4,USA,NAM,Cattle,.,240,.,307.3,11.1,CM,N,1,FIX,4,CLANEP,0,0.1,.,ug/mL,1,.,.,.,.,9.219,kg/d,39.95,L/d,0.000025,.,ug/kg bw
4,USA,NAM,Cattle,.,240,.,307.3,11.1,CM,N,1,FIX,4,CLAEP,1,0.09,.,ug/mL,1,0.149,0.015,ug/g,2,9.219,kg/d,39.95,L/d,98,.,ug/kg bw
4,USA,NAM,Cattle,.,240,.,307.3,11.1,CM,N,1,FIX,4,CLANEP,0,0.09,.,ug/mL,1,.,.,.,.,9.219,kg/d,39.95,L/d,0.000025,.,ug/kg bw
4,USA,NAM,Cattle,.,240,.,307.3,11.1,CM,N,1,FIX,4,CLANEP,0,0.08,.,ug/mL,1,.,.,.,.,9.219,kg/d,39.95,L/d,0.000025,.,ug/kg bw
4,USA,NAM,Cattle,.,240,.,307.3,11.1,CM,N,1,FIX,4,CLANEP,0,0.08,.,ug/mL,1,.,.,.,.,9.219,kg/d,39.95,L/d,0.000025,.,ug/kg bw
4,USA,NAM,Cattle,.,240,.,307.3,11.1,CM,N,1,FIX,4,CLANEP,0,0.08,.,ug/mL,1,.,.,.,.,9.219,kg/d,39.95,L/d,0.000025,.,ug/kg bw
4,USA,NAM,Cattle,.,240,.,307.3,11.1,CM,N,1,FIX,4,CLANEP,0,0.08,.,ug/mL,1,.,.,.,.,9.219,kg/d,39.95,L/d,0.000025,.,ug/kg bw
4,USA,NAM,Cattle,.,240,.,307.3,11.1,CM,N,1,FIX,4,CLANEP,0,0.07,.,ug/mL,1,.,.,.,.,9.219,kg/d,39.95,L/d,0.000025,.,ug/kg bw
4,USA,NAM,Cattle,.,240,.,307.3,11.1,CM,N,1,FIX,4,CLANEP,0,0.07,.,ug/mL,1,.,.,.,.,9.219,kg/d,39.95,L/d,0.000025,.,ug/kg bw
4,USA,NAM,Cattle,.,240,.,307.3,11.1,CM,N,1,FIX,4,CLANEP,0,0.07,.,ug/mL,1,.,.,.,.,9.219,kg/d,39.95,L/d,0.000025,.,ug/kg bw
4,USA,NAM,Cattle,.,240,.,307.3,11.1,CM,N,1,FIX,4,CLANEP,0,0.07,.,ug/mL,1,.,.,.,.,9.219,kg/d,39.95,L/d,0.000025,.,ug/kg bw
4,USA,NAM,Cattle,.,240,.,307.3,11.1,CM,N,1,FIX,4,CLANEP,0,0.07,.,ug/mL,1,.,.,.,.,9.219,kg/d,39.95,L/d,0.000025,.,ug/kg bw
4,USA,NAM,Cattle,.,240,.,307.3,11.1,CM,N,1,FIX,4,CLANEP,0,0.06,.,ug/mL,1,.,.,.,.,9.219,kg/d,39.95,L/d,0.000025,.,ug/kg bw
4,USA,NAM,Cattle,.,240,.,307.3,11.1,CM,N,1,FIX,4,CLANEP,0,0.06,.,ug/mL,1,.,.,.,.,9.219,kg/d,39.95,L/d,0.000025,.,ug/kg bw
4,USA,NAM,Cattle,.,240,.,307.3,11.1,CM,N,1,FIX,4,CLAEP,1,0.05,.,ug/mL,1,0.149,0.015,ug/g,2,9.219,kg/d,39.95,L/d,98,.,ug/kg bw
4,USA,NAM,Cattle,.,240,.,307.3,11.1,CM,N,1,FIX,4,CLANEP,0,0.05,.,ug/mL,1,.,.,.,.,9.219,kg/d,39.95,L/d,0.000025,.,ug/kg bw
4,USA,NAM,Cattle,.,240,.,307.3,11.1,CM,N,1,FIX,4,CLANEP,0,0.05,.,ug/mL,1,.,.,.,.,9.219,kg/d,39.95,L/d,0.000025,.,ug/kg bw
4,USA,NAM,Cattle,.,240,.,307.3,11.1,CM,N,1,FIX,4,CLANEP,0,0.05,.,ug/mL,1,.,.,.,.,9.219,kg/d,39.95,L/d,0.000025,.,ug/kg bw
4,USA,NAM,Cattle,.,240,.,307.3,11.1,CM,N,1,FIX,4,CLANEP,0,0.05,.,ug/mL,1,.,.,.,.,9.219,kg/d,39.95,L/d,0.000025,.,ug/kg bw
4,USA,NAM,Cattle,.,240,.,307.3,11.1,CM,N,1,FIX,4,CLANEP,0,0.04,.,ug/mL,1,.,.,.,.,9.219,kg/d,39.95,L/d,0.000025,.,ug/kg bw
4,USA,NAM,Cattle,.,240,.,307.3,11.1,CM,N,1,FIX,4,CLANEP,0,0.04,.,ug/mL,1,.,.,.,.,9.219,kg/d,39.95,L/d,0.000025,.,ug/kg bw
4,USA,NAM,Cattle,.,240,.,307.3,11.1,CM,N,1,FIX,4,CLANEP,0,0.03,.,ug/mL,1,.,.,.,.,9.219,kg/d,39.95,L/d,0.000025,.,ug/kg bw
4,USA,NAM,Cattle,.,240,.,307.3,11.1,CM,N,1,FIX,4,CLANEP,0,0.03,.,ug/mL,1,.,.,.,.,9.219,kg/d,39.95,L/d,0.000025,.,ug/kg bw
4,USA,NAM,Cattle,.,240,.,307.3,11.1,CM,N,1,FIX,4,CLANEP,0,0.03,.,ug/mL,1,.,.,.,.,9.219,kg/d,39.95,L/d,0.000025,.,ug/kg bw
4,USA,NAM,Cattle,.,240,.,307.3,11.1,CM,N,1,FIX,4,CLANEP,0,0.03,.,ug/mL,1,.,.,.,.,9.219,kg/d,39.95,L/d,0.000025,.,ug/kg bw
4,USA,NAM,Cattle,.,240,.,307.3,11.1,CM,N,1,FIX,4,CLANEP,0,0.03,.,ug/mL,1,.,.,.,.,9.219,kg/d,39.95,L/d,0.000025,.,ug/kg bw
4,USA,NAM,Cattle,.,240,.,307.3,11.1,CM,N,1,FIX,4,CLAEP,1,0.02,.,ug/mL,1,0.149,0.015,ug/g,2,9.219,kg/d,39.95,L/d,98,.,ug/kg bw
4,USA,NAM,Cattle,.,240,.,307.3,11.1,CM,N,1,FIX,4,CLANEP,0,0.02,.,ug/mL,1,.,.,.,.,9.219,kg/d,39.95,L/d,0.000025,.,ug/kg bw
4,USA,NAM,Cattle,.,240,.,307.3,11.1,CM,N,1,FIX,4,CLANEP,0,0.02,.,ug/mL,1,.,.,.,.,9.219,kg/d,39.95,L/d,0.000025,.,ug/kg bw
4,USA,NAM,Cattle,.,240,.,307.3,11.1,CM,N,1,FIX,4,CLANEP,0,0.02,.,ug/mL,1,.,.,.,.,9.219,kg/d,39.95,L/d,0.000025,.,ug/kg bw
4,USA,NAM,Cattle,.,240,.,307.3,11.1,CM,N,1,FIX,4,CLANEP,0,0.01,.,ug/mL,1,.,.,.,.,9.219,kg/d,39.95,L/d,0.000025,.,ug/kg bw
4,USA,NAM,Cattle,.,240,.,307.3,11.1,CM,N,1,FIX,4,CLANEP,0,0.01,.,ug/mL,1,.,.,.,.,9.219,kg/d,39.95,L/d,0.000025,.,ug/kg bw
4,USA,NAM,Cattle,.,240,.,307.3,11.1,CM,N,1,FIX,4,CLANEP,0,0.01,.,ug/mL,1,.,.,.,.,9.219,kg/d,39.95,L/d,0.000025,.,ug/kg bw
4,USA,NAM,Cattle,.,240,.,307.3,11.1,CM,N,1,FIX,4,CLANEP,0,0.01,.,ug/mL,1,.,.,.,.,9.219,kg/d,39.95,L/d,0.000025,.,ug/kg bw
4,USA,NAM,Cattle,.,240,.,307.3,11.1,CM,N,1,FIX,4,CLANEP,0,0.01,.,ug/mL,1,.,.,.,.,9.219,kg/d,39.95,L/d,0.000025,.,ug/kg bw
4,USA,NAM,Cattle,.,240,.,307.3,11.1,CM,N,1,FIX,4,CLANEP,0,0.01,.,ug/mL,1,.,.,.,.,9.219,kg/d,39.95,L/d,0.000025,.,ug/kg bw
5,Australia,AUS,Cattle,6,240,0.03,500,.,IF,N,1,FIX,5,CONEP,180,0.934,.,ug/mL,1,.,.,.,.,15,kg/d,26.5,L/d,0.159,0.04,ug/kg bw
5,Australia,AUS,Cattle,6,240,0.03,500,.,IF,N,1,FIX,5,CONEP,180,0.793,.,ug/mL,1,.,.,.,.,15,kg/d,26.5,L/d,0.159,0.04,ug/kg bw
5,Australia,AUS,Cattle,5,240,0.02,885,.,IF,N,1,FIX,5,CONEP,150,0.768,.,ug/mL,1,.,.,.,.,15,kg/d,26.5,L/d,0.0898,0.022,ug/kg bw
5,Australia,AUS,Cattle,2,240,0.01,885,.,IF,N,1,FIX,5,CONEP,60,0.609,.,ug/mL,1,.,.,.,.,15,kg/d,26.5,L/d,0.0898,0.022,ug/kg bw
6,USA,NAM,mice,1.62,30,0.054,500,0.0006,IM,N,5,FIX,6,CLAEP,28,108,4,ug/mL,6,341,17.4,ug/g,6,0.015,kg/d,0.0265,L/d,0.159,0.04,ug/kg bw/d
6,USA,NAM,mice,1.62,30,0.054,500,0.0007,IM,N,5,FIX,6,CLANEP,0,0.0104,0.0002,ug/mL,6,0.1019,0.0376,ug/g,6,0.015,kg/d,0.0265,L/d,0.159,0.04,ug/kg bw/d
6,USA,NAM,mice,1.606,30,0.054,500,0.001,IM,N,4,FIX,7,CLAEP,28,94,4.08,ug/mL,6,343,56.7273,ug/g,6,0.015,kg/d,0.0265,L/d,0.159,0.04,ug/kg bw/d
6,USA,NAM,mice,1.579,30,0.053,500,0.0022,IM,N,4,FIX,7,CLANEP,0,3.3,2.08,ug/mL,6,15.2,9.5723,ug/g,6,0.015,kg/d,0.0265,L/d,0.159,0.04,ug/kg bw/d
6,USA,NAM,mice,1.654,30,0.055,500,0.0017,IM,N,3,FIX,8,CLAEP,28,113,3.9,ug/mL,6,364,17.35,ug/g,6,0.015,kg/d,0.04164,L/d,0.2498,0.062,ug/kg bw/d
6,USA,NAM,mice,1.634,30,0.054,500,0.0017,IM,N,3,FIX,8,CLANEP,0,0.014,0.004,ug/mL,6,0.0794,0.0251,ug/g,6,0.015,kg/d,0.04164,L/d,0.2498,0.062,ug/kg bw/d
6,USA,NAM,mice,1.743,30,0.058,500,0.0007,IM,N,2,FIX,9,CLAEP,7,126.125,7.55,ug/mL,4,365,19,ug/g,4,0.015,kg/d,0.04164,L/d,0.2498,0.062,ug/kg bw/d
6,USA,NAM,mice,1.682,30,0.056,0.0246,0.0013,IM,N,2,FIX,9,CLANEP,0,0.0165,0.0028,ug/mL,4,0.0943,0.0286,ug/g,4,0.004,kg/d,0.00615,L/d,0.000025,.,ug/kg bw/d
6,USA,NAM,mice,1.791,30,0.06,0.0262,0.0007,IM,N,1,FIX,10,CLAEP,7,101,9.14,ug/mL,4,357,16.7,ug/g,4,0.004,kg/d,0.00655,L/d,0.2498,.,ug/kg bw/d
6,USA,NAM,mice,1.955,30,0.065,0.0286,0.0008,IM,N,1,FIX,10,CLANEP,0,1.11E-02,0.001,ug/mL,4,0.0801,0.0112,ug/g,4,0.004,kg/d,0.00715,L/d,0.000025,.,ug/kg bw/d
7,USA,NAM,rat,2.65,25,0.106,0.2922,0.0141,IF,Y,1,FIX,11,CLAEP,14,203.3,6.8,ug/mL,5,388.3,52.9,ug/g,5,0.017532,kg/d,0.035064,L/d,5000,.,ug/kg bw/d
7,USA,NAM,rat,2.65,25,0.106,0.2968,0.0192,IF,Y,1,FIX,11,CLAEP,14,68.8,2.4,ug/mL,5,151.4,22.1,ug/g,5,0.017808,kg/d,0.035616,L/d,2000,.,ug/kg bw/d
7,USA,NAM,rat,2.65,25,0.106,0.2996,0.0174,IF,Y,1,FIX,11,CLAEP,14,31.4,2.2,ug/mL,5,84.6,3.3,ug/g,5,0.017976,kg/d,0.035952,L/d,1000,.,ug/kg bw/d
7,USA,NAM,rat,2.65,25,0.106,0.3124,0.0159,IF,Y,1,FIX,11,CLAEP,14,5.8,0.3,ug/mL,5,33.4,2.2,ug/g,5,0.018744,kg/d,0.037488,L/d,300,.,ug/kg bw/d
7,USA,NAM,rat,2.65,25,0.106,0.3059,0.0118,IF,Y,1,FIX,11,CLAEP,14,2.2,0.1,ug/mL,4,12.5,0.7,ug/g,4,0.018354,kg/d,0.036708,L/d,100,.,ug/kg bw/d
7,USA,NAM,rat,2.65,25,0.106,0.3264,0.0123,IF,Y,1,FIX,11,CLANEP,0,0.000025,0.000001,ug/mL,5,0.22,0.1,ug/g,4,0.019584,kg/d,0.039168,L/d,0.000025,.,ug/kg bw/d
8,USA,NAM,mice,10,30,0.333,0.03,0.002,IM,N,1,FIX,12,CLAEP,90,179.34066,10.87912088,ug/mL,15,.,.,.,.,0.0057,kg/d,0.0075,L/d,2000,.,ug/kg bw/d
8,USA,NAM,mice,10,30,0.333,0.03,0.002,IM,N,1,FIX,12,CLAEP,150,178.02198,7.252747253,ug/mL,15,.,.,.,.,0.0057,kg/d,0.0075,L/d,2000,.,ug/kg bw/d
8,USA,NAM,mice,10,30,0.333,0.03,0.002,IM,N,1,FIX,12,CLAEP,60,172.08792,3.956043956,ug/mL,15,.,.,.,.,0.0057,kg/d,0.0075,L/d,2000,.,ug/kg bw/d
8,USA,NAM,mice,10,30,0.333,0.03,0.002,IM,N,1,FIX,12,CLAEP,185,146.37362,6.593406593,ug/mL,15,.,.,.,.,0.0057,kg/d,0.0075,L/d,2000,.,ug/kg bw/d
8,USA,NAM,mice,10,30,0.333,0.03,0.002,IM,N,1,FIX,12,CLAEP,30,106.813187,8.571428571,ug/mL,15,.,.,.,.,0.0057,kg/d,0.0075,L/d,2000,.,ug/kg bw/d
8,USA,NAM,mice,10,30,0.333,0.03,0.002,IM,N,1,FIX,12,CLAEP,15,50.10989,4.285714286,ug/mL,15,.,.,.,.,0.0057,kg/d,0.0075,L/d,2000,.,ug/kg bw/d
8,USA,NAM,mice,10,30,0.333,0.03,0.002,IM,N,1,FIX,12,CLAEP,60,32.307692,6.581352834,ug/mL,15,.,.,.,.,0.0057,kg/d,0.0075,L/d,200,.,ug/kg bw/d
8,USA,NAM,mice,10,30,0.333,0.03,0.002,IM,N,1,FIX,12,CLAEP,185,32.307692,10.20109689,ug/mL,15,.,.,.,.,0.0057,kg/d,0.0075,L/d,200,.,ug/kg bw/d
8,USA,NAM,mice,10,30,0.333,0.03,0.002,IM,N,1,FIX,12,CLAEP,90,30.98901099,4.936014625,ug/mL,15,.,.,.,.,0.0057,kg/d,0.0075,L/d,200,.,ug/kg bw/d
8,USA,NAM,mice,10,30,0.333,0.03,0.002,IM,N,1,FIX,12,CLAEP,150,30.3296,3.9488117,ug/mL,15,.,.,.,.,0.0057,kg/d,0.0075,L/d,200,.,ug/kg bw/d
8,USA,NAM,mice,10,30,0.333,0.03,0.002,IM,N,1,FIX,12,CLAEP,30,19.78022,0.000001,ug/mL,15,.,.,.,.,0.0057,kg/d,0.0075,L/d,200,.,ug/kg bw/d
8,USA,NAM,mice,10,30,0.333,0.03,0.002,IM,N,1,FIX,12,CLANEP,15,0.000025,0.000001,ug/mL,15,.,.,.,.,0.0057,kg/d,0.0075,L/d,0.000025,.,ug/kg bw/d
8,USA,NAM,mice,10,30,0.333,0.03,0.002,IM,N,1,FIX,12,CLANEP,30,0.000025,0.000001,ug/mL,15,.,.,.,.,0.0057,kg/d,0.0075,L/d,0.000025,.,ug/kg bw/d
8,USA,NAM,mice,10,30,0.333,0.03,0.002,IM,N,1,FIX,12,CLANEP,60,0.000025,0.000001,ug/mL,15,.,.,.,.,0.0057,kg/d,0.0075,L/d,0.000025,.,ug/kg bw/d
8,USA,NAM,mice,10,30,0.333,0.03,0.002,IM,N,1,FIX,12,CLANEP,90,0.000025,0.000001,ug/mL,15,.,.,.,.,0.0057,kg/d,0.0075,L/d,0.000025,.,ug/kg bw/d
8,USA,NAM,mice,10,30,0.333,0.03,0.002,IM,N,1,FIX,12,CLANEP,150,0.000025,0.000001,ug/mL,15,.,.,.,.,0.0057,kg/d,0.0075,L/d,0.000025,.,ug/kg bw/d
8,USA,NAM,mice,10,30,0.333,0.03,0.002,IM,N,1,FIX,12,CLANEP,185,0.000025,0.000001,ug/mL,15,.,.,.,.,0.0057,kg/d,0.0075,L/d,0.000025,.,ug/kg bw/d
8,USA,NAM,mice,10,30,0.333,0.03,0.002,IM,N,1,FIX,12,CLAEP,15,0.000025,0.000001,ug/mL,15,.,.,.,.,0.0057,kg/d,0.0075,L/d,200,.,ug/kg bw/d
9,USA,NAM,mice,2,30,0.067,0.0196,0.0012,IF,N,1,FIX,13,CLAEP,28,2.792,0.2953,ug/mL,12,8.5475,0.8517,ug/g,12,0.003724,kg/d,0.0049,L/d,50,.,ug/kg bw/d
9,USA,NAM,mice,2,30,0.067,0.025,0.0014,IM,N,1,FIX,13,CLAEP,28,2.1592,0.1646,ug/mL,12,10.7671,982.4,ug/g,12,0.00475,kg/d,0.00625,L/d,50,.,ug/kg bw/d
9,USA,NAM,mice,2,30,0.067,0.0196,0.0012,IF,N,1,FIX,13,CLAEP,28,0.8235,0.0762,ug/mL,12,2.7942,0.3857,ug/g,12,0.003724,kg/d,0.0049,L/d,15,.,ug/kg bw/d
9,USA,NAM,mice,2,30,0.067,0.025,0.0014,IM,N,1,FIX,13,CLAEP,28,0.8028,0.1283,ug/mL,12,3.7625,0.3289,ug/g,12,0.00475,kg/d,0.00625,L/d,15,.,ug/kg bw/d
9,USA,NAM,mice,2,30,0.067,0.025,0.0014,IM,N,1,FIX,13,CLAEP,28,0.767,0.0082,ug/mL,12,0.4635,0.0496,ug/g,12,0.00475,kg/d,0.00625,L/d,1.5,.,ug/kg bw/d
9,USA,NAM,mice,2,30,0.067,0.0196,0.0012,IF,N,1,FIX,13,CLAEP,28,0.0894,0.0085,ug/mL,12,0.3456,0.0352,ug/g,12,0.003724,kg/d,0.0049,L/d,1.5,.,ug/kg bw/d
9,USA,NAM,mice,2,30,0.067,0.0196,0.0012,IF,N,1,FIX,13,CLAEP,28,0.0321,0.0037,ug/mL,12,0.000001,0.0052,ug/g,12,0.003724,kg/d,0.0049,L/d,0.000025,.,ug/kg bw/d
9,USA,NAM,mice,2,30,0.067,0.025,0.0014,IM,N,1,FIX,13,CLAEP,28,0.0248,0.0034,ug/mL,12,0.1604,0.00148,ug/g,12,0.00475,kg/d,0.00625,L/d,0.5,.,ug/kg bw/d
9,USA,NAM,mice,2,30,0.067,0.0196,0.0012,IF,N,1,FIX,13,CLANEP,28,0.0086,0.0016,ug/mL,12,0.000001,0.0053,ug/g,12,0.003724,kg/d,0.0049,L/d,0.000025,.,ug/kg bw/d
9,USA,NAM,mice,2,30,0.067,0.025,0.0014,IM,N,1,FIX,13,CLANEP,28,0.0056,0.0013,ug/mL,12,0.000001,0.0062,ug/g,12,0.00475,kg/d,0.00625,L/d,0.000025,.,ug/kg bw/d
9,USA,NAM,mice,2,30,0.067,0.0196,0.0012,IF,N,1,FIX,13,CLANEP,0,0.000025,0.000001,ug/mL,12,0.000001,.,ug/g,12,0.003724,kg/d,0.0049,L/d,0.000025,.,ug/kg bw/d
9,USA,NAM,mice,2,30,0.067,0.025,0.0014,IM,N,1,FIX,13,CLANEP,0,0.000025,0.000001,ug/mL,12,0.000001,.,ug/g,12,0.00475,kg/d,0.00625,L/d,0.000025,.,ug/kg bw/d
10,China,NAM,mice,1.75,30,0.058,0.02477,0.000882,IM,N,1,FIX,14,CLAEP,28,40.97,4.846938776,ug/mL,6,417.98,18.13471503,ug/g,6,0.0047063,kg/d,0.0061925,L/d,5000,.,ug/kg bw/d
10,China,NAM,mice,1.75,30,0.058,0.02499,0.000735,IM,N,1,FIX,14,CLAEP,28,16.77,0.000001,ug/mL,6,142.74,0.000001,ug/g,6,0.0047481,kg/d,0.0062475,L/d,1000,.,ug/kg bw/d
10,China,NAM,mice,1.75,30,0.058,0.02489,0.000808,IM,N,1,FIX,14,CLAEP,28,12.38,0.000001,ug/mL,6,39.67,0.000001,ug/g,6,0.0047291,kg/d,0.0062225,L/d,200,.,ug/kg bw/d
10,China,NAM,mice,1.75,30,0.058,0.02466,0.000759,IM,N,1,FIX,14,CLANEP,28,0.000025,0.000001,ug/mL,6,0.000001,0.000001,ug/g,6,0.0046854,kg/d,0.006165,L/d,0.000025,.,ug/kg bw/d
11,China,ASIA,mice,1.5,30,0.05,0.02,.,IF,N,2,FIX,15,CLAEP,28,179.75,7.5105,ug/mL,5,.,.,ug/g,5,0.000399,kg/d,0.000525,L/d,10000,.,ug/kg bw/d
11,China,ASIA,mice,1.5,30,0.05,0.02,.,IF,N,2,FIX,15,CLAEP,28,123.17829,13.018,ug/mL,5,.,.,ug/g,5,0.000399,kg/d,0.000525,L/d,5000,.,ug/kg bw/d
11,China,ASIA,mice,1.5,30,0.05,0.02,.,IF,N,2,FIX,15,CLAEP,28,33.0462,3.5049,ug/mL,5,.,.,ug/g,5,0.000399,kg/d,0.000525,L/d,1000,.,ug/kg bw/d
11,China,ASIA,mice,1.5,30,0.05,0.02,.,IF,N,2,FIX,15,CLANEP,28,1.0014,0.1001,ug/mL,4,.,.,ug/g,4,0.000399,kg/d,0.000525,L/d,0.000025,.,ug/kg bw/d
11,China,ASIA,mice,1.5,30,0.05,0.02,.,IM,N,1,FIX,16,CLAEP,28,168.2,32.55,ug/mL,5,.,.,ug/g,5,0.000399,kg/d,0.000525,L/d,10000,.,ug/kg bw/d
11,China,ASIA,mice,1.5,30,0.05,0.02,.,IM,N,1,FIX,16,CLAEP,28,110.2,11.5161,ug/mL,5,.,.,ug/g,5,0.000399,kg/d,0.000525,L/d,5000,.,ug/kg bw/d
11,China,ASIA,mice,1.5,30,0.05,0.02,.,IM,N,1,FIX,16,CLAEP,28,30.042,5.007,ug/mL,5,.,.,ug/g,5,0.000399,kg/d,0.000525,L/d,1000,.,ug/kg bw/d
11,China,ASIA,mice,1.5,30,0.05,0.02,.,IM,N,1,FIX,16,CLANEP,28,2.0039,1.0014,ug/mL,5,.,.,ug/g,4,0.000399,kg/d,0.000525,L/d,0.000025,.,ug/kg bw/d
12,China,Asia,mice,1.75,30,0.058,0.02,0.002,IM,N,1,FIX,17,CLAEP,28,78.52,11.4,ug/mL,6,.,.,ug/g,.,0.0038,kg/d,0.005,L/d,70000,.,ug/kg bw/d
12,China,Asia,mice,1.75,30,0.058,0.02,0.002,IM,N,1,FIX,17,CLAEP,28,8.43,1.86,ug/mL,6,.,.,ug/g,.,0.0038,kg/d,0.005,L/d,7000,.,ug/kg bw/d
12,China,Asia,mice,1.75,30,0.058,0.02,0.002,IM,N,1,FIX,17,CLANEP,28,0.000025,0.000001,ug/mL,6,.,.,ug/g,.,0.0038,kg/d,0.005,L/d,0.000025,.,ug/kg bw/d
13,China,Asia,mice,2,30,0.067,0.0255,0.00354,IM,N,1,FIX,18,CLAEP,28,246.4,17.4,ug/mL,10,.,.,ug/g,.,0.004845,kg/d,0.006375,L/d,50000,.,ug/kg bw/d
13,China,Asia,mice,2,30,0.067,0.0255,0.00354,IM,N,1,FIX,18,CLAEP,28,217.4,0.000001,ug/mL,10,.,.,ug/g,.,0.004845,kg/d,0.006375,L/d,25000,.,ug/kg bw/d
13,China,Asia,mice,2,30,0.067,0.0255,0.00354,IM,N,1,FIX,18,CLAEP,28,37.2,9.19,ug/mL,10,.,.,ug/g,.,0.004845,kg/d,0.006375,L/d,2500,.,ug/kg bw/d
13,China,Asia,mice,2,30,0.067,0.0255,0.00354,IM,N,1,FIX,18,CLAEP,28,3.9,0.000001,ug/mL,10,.,.,ug/g,.,0.004845,kg/d,0.006375,L/d,250,.,ug/kg bw/d
13,China,Asia,mice,2,30,0.067,0.0255,0.00354,IM,N,1,FIX,18,CLANEP,28,0.000025,0.000001,ug/mL,10,.,.,ug/g,.,0.004845,kg/d,0.006375,L/d,0.000025,.,ug/kg bw/d
14,USA,NAM,mice,1.62,30,0.062,0.0257,.,IM,N,1,FIX,19,CLAEP,49,281.7398,29.7095,ug/mL,1,572.35023,94.0092,ug/g,1,0.00302,kg/d,0.00474,L/d,3000,.,ug/kg bw/d
14,USA,NAM,mice,1.62,30,0.062,0.0258,.,IM,N,1,FIX,19,CLAEP,49,226.1982,23.1956,ug/mL,1,428.57142,51.15207373,ug/g,1,0.00302,kg/d,0.00474,L/d,3000,.,ug/kg bw/d
14,USA,NAM,mice,1.62,30,0.062,0.0218,.,IM,N,1,FIX,19,CLAEP,49,189.8437,9.42,ug/mL,1,391.2442,45.6221,ug/g,1,0.00302,kg/d,0.00474,L/d,3000,.,ug/kg bw/d
15,USA,NAM,mice,1.319,30,0.044,0.0343,.,IF,Y,1,FIX,20,CLAEP,40,9.84,1.22,ug/mL,4,.,.,ug/g,.,0.006517,kg/d,0.008575,L/d,1000,.,ug/kg bw/d
15,USA,NAM,mice,1.319,30,0.044,0.0319,.,IF,Y,1,FIX,20,CLAEP,40,7.32,1.64,ug/mL,4,.,.,ug/g,.,0.006061,kg/d,0.007975,L/d,1000,.,ug/kg bw/d
15,USA,NAM,mice,1.319,30,0.044,0.0319,.,IF,Y,1,FIX,20,CLANEP,40,0.0025,0.000001,ug/mL,4,.,.,ug/g,.,0.006061,kg/d,0.007975,L/d,0.000025,.,ug/kg bw/d
16,USA,NAM,mice,1.85,30,0.071,0.020071,.,IF,N,2,FIX,21,CLAEP,10,206.9138,17.587,ug/mL,6,.,.,ug/g,.,0.00381349,kg/d,0.00501775,L/d,7500,.,ug/kg bw/d
16,USA,NAM,mice,1.85,30,0.071,0.021272,.,IF,N,2,FIX,21,CLAEP,10,127.4275,4.53,ug/mL,6,.,.,ug/g,.,0.00404168,kg/d,0.005318,L/d,3750,.,ug/kg bw/d
16,USA,NAM,mice,1.85,30,0.071,0.021379,.,IF,N,2,FIX,21,CLAEP,10,54.55595,0.29959,ug/mL,6,.,.,ug/g,.,0.00406201,kg/d,0.00534475,L/d,1880,.,ug/kg bw/d
16,USA,NAM,mice,1.85,30,0.071,0.020658,.,IF,N,2,FIX,21,CLANEP,10,0.98493,0.180724,ug/mL,6,.,.,ug/g,.,0.00392502,kg/d,0.0051645,L/d,0.000025,.,ug/kg bw/d
16,USA,NAM,mice,1.85,30,0.071,0.022393,.,IM,N,1,FIX,22,CLAEP,10,263.6651,0.000001,ug/mL,6,.,.,ug/g,.,0.00425467,kg/d,0.00559825,L/d,7500,.,ug/kg bw/d
16,USA,NAM,mice,1.85,30,0.071,0.024075,.,IM,N,1,FIX,22,CLAEP,10,88.58668,0.000001,ug/mL,6,.,.,ug/g,.,0.00457425,kg/d,0.00601875,L/d,3750,.,ug/kg bw/d
16,USA,NAM,mice,1.85,30,0.071,0.024262,.,IM,N,1,FIX,22,CLAEP,10,51.34833,0.000001,ug/mL,6,.,.,ug/g,.,0.00460978,kg/d,0.0060655,L/d,1880,.,ug/kg bw/d
16,USA,NAM,mice,1.85,30,0.071,0.025249,.,IM,N,1,FIX,22,CLANEP,10,0.003162,0.000001,ug/mL,6,.,.,ug/g,.,0.00479731,kg/d,0.00631225,L/d,0.000025,.,ug/kg bw/d
17,Japan,Asia,mice,1.5,30,0.05,0.0202,0.0005716,IF,N,1,FIX,23,CLAEP,21,0.67,0.047,ug/mL,3,0.26,.,ug/g,.,0.003838,kg/d,0.00505,L/d,25,.,ug/kg bw/d
17,Japan,Asia,mice,1.5,30,0.05,0.0201,0.0007794,IF,N,1,FIX,23,CLAEP,21,0.189,0.014,ug/mL,3,0.084,.,ug/g,.,0.003819,kg/d,0.005025,L/d,5,.,ug/kg bw/d
17,Japan,Asia,mice,1.5,30,0.05,0.0204,0.0016455,IF,N,1,FIX,23,CLANEP,0,0.0021,0.0003,ug/mL,3,0.000125,.,ug/g,.,0.003876,kg/d,0.0051,L/d,0.000025,.,ug/kg bw/d
18,China,Asia,mice,1.5,30,0.05,0.02,.,IM,N,1,FIX,24,CLAEP,21,249,37.412,ug/mL,3,.,.,ug/g,.,0.000133907,kg/d,0.000176193,L/d,5000,.,ug/kg bw/d
18,China,Asia,mice,1.5,30,0.05,0.02,.,IM,N,1,FIX,24,CLAEP,21,27.6,2.771,ug/mL,3,.,.,ug/g,.,0.00015157,kg/d,0.000199435,L/d,1000,.,ug/kg bw/d
18,China,Asia,mice,1.5,30,0.05,0.02,.,IM,N,1,FIX,24,CLANEP,21,0.012,0.002,ug/mL,3,.,.,ug/g,.,9.26E-05,kg/d,0.000121859,L/d,0.000025,.,ug/kg bw/d
19,USA,NAM,mice,.,.,.,0.0306,0.0009,IF,N,4,FIX,25,CLAEP,4,26.6,3.41,ug/mL,13,.,.,ug/g,.,0.005814,kg/d,0.00765,L/d,10500,.,ug/kg bw/d
19,USA,NAM,mice,.,.,.,0.0286,0.00099,IF,N,4,FIX,25,CLAEP,4,15.7,2.23,ug/mL,9,.,.,ug/g,.,0.005434,kg/d,0.00715,L/d,8500,.,ug/kg bw/d
19,USA,NAM,mice,.,.,.,0.0299,0.00109,IF,N,4,FIX,25,CLANEP,4,0.0582,0.00822,ug/mL,9,.,.,ug/g,.,0.005681,kg/d,0.007475,L/d,0.000025,.,ug/kg bw/d
19,USA,NAM,mice,.,.,.,0.0273,0.00088,IF,N,3,FIX,26,CLAEP,4,22.6,3.57,ug/mL,7,.,.,ug/g,.,0.005187,kg/d,0.006825,L/d,10500,.,ug/kg bw/d
19,USA,NAM,mice,.,.,.,0.0267,0.00106,IF,N,3,FIX,26,CLAEP,4,16.3,1.78,ug/mL,7,.,.,ug/g,.,0.005073,kg/d,0.006675,L/d,6500,.,ug/kg bw/d
19,USA,NAM,mice,.,.,.,0.0278,0.00066,IF,N,3,FIX,26,CLAEP,4,15.2,2.04,ug/mL,12,.,.,ug/g,.,0.005282,kg/d,0.00695,L/d,8500,.,ug/kg bw/d
19,USA,NAM,mice,.,.,.,0.0286,0.00123,IF,N,3,FIX,26,CLAEP,4,12.5,3.23,ug/mL,6,.,.,ug/g,.,0.005434,kg/d,0.00715,L/d,4500,.,ug/kg bw/d
19,USA,NAM,mice,.,.,.,0.0287,0.00072,IF,N,3,FIX,26,CLANEP,4,0.0175,0.00627,ug/mL,13,.,.,ug/g,.,0.005453,kg/d,0.007175,L/d,0.000025,.,ug/kg bw/d
19,USA,NAM,mice,.,.,.,0.0306,0.0009,IF,N,2,FIX,27,CLAEP,4,73.8,.,ug/mL,1,.,.,ug/g,.,0.005814,kg/d,0.00765,L/d,10500,.,ug/kg bw/d
19,USA,NAM,mice,.,.,.,0.0286,0.00099,IF,N,2,FIX,27,CLAEP,4,56.4,5.46,ug/mL,6,.,.,ug/g,.,0.005434,kg/d,0.00715,L/d,8500,.,ug/kg bw/d
19,USA,NAM,mice,.,.,.,0.0299,0.00109,IF,N,2,FIX,27,CLANEP,4,0.0425,0.00755,ug/mL,2,.,.,ug/g,.,0.005681,kg/d,0.007475,L/d,0.000025,.,ug/kg bw/d
19,USA,NAM,mice,.,.,.,0.0273,0.00088,IF,N,1,FIX,28,CLAEP,4,57.7,3.78,ug/mL,10,.,.,ug/g,.,0.005187,kg/d,0.006825,L/d,10500,.,ug/kg bw/d
19,USA,NAM,mice,.,.,.,0.0278,0.00066,IF,N,1,FIX,28,CLAEP,4,45,3.15,ug/mL,10,.,.,ug/g,.,0.005282,kg/d,0.00695,L/d,8500,.,ug/kg bw/d
19,USA,NAM,mice,.,.,.,0.0267,0.00106,IF,N,1,FIX,28,CLAEP,4,41.6,2.95,ug/mL,4,.,.,ug/g,.,0.005073,kg/d,0.006675,L/d,6500,.,ug/kg bw/d
19,USA,NAM,mice,.,.,.,0.0286,0.00123,IF,N,1,FIX,28,CLAEP,4,32.4,2.65,ug/mL,2,.,.,ug/g,.,0.005434,kg/d,0.00715,L/d,4500,.,ug/kg bw/d
19,USA,NAM,mice,.,.,.,0.0287,0.00072,IF,N,1,FIX,28,CLANEP,4,0.0158,0.00473,ug/mL,7,.,.,ug/g,.,0.005453,kg/d,0.007175,L/d,0.000025,.,ug/kg bw/d
20,China,ASIA,mice,1.85,30,0.062,0.028,.,IM,N,2,FIX,29,CLAEP,8,0.121985,0.011603,ug/mL,6,.,.,ug/g,.,0.005396643,Kg/d,0.007100846,L/d,12.68008214,.,ug/kg bw/d
20,China,ASIA,mice,1.85,30,0.062,0.028,.,IM,N,2,FIX,29,CLAEP,8,0.10855,0.015878,ug/mL,6,.,.,ug/g,.,0.005396643,Kg/d,0.007100846,L/d,12.68008214,.,ug/kg bw/d
20,China,ASIA,mice,1.85,30,0.062,0.028,.,IM,N,2,FIX,29,CLAEP,8,0.10855,0.015878,ug/mL,6,.,.,ug/g,.,0.005396643,Kg/d,0.007100846,L/d,12.68008214,.,ug/kg bw/d
20,China,ASIA,mice,1.85,30,0.062,0.028,.,IM,N,2,FIX,29,CLAEP,8,0.097863,0.010076,ug/mL,6,.,.,ug/g,.,0.005396643,Kg/d,0.007100846,L/d,12.68008214,.,ug/kg bw/d
20,China,ASIA,mice,1.85,30,0.062,0.028,.,IM,N,2,FIX,29,CLAEP,8,0.096336,0.014046,ug/mL,6,.,.,ug/g,.,0.005396643,Kg/d,0.007100846,L/d,12.68008214,.,ug/kg bw/d
20,China,ASIA,mice,1.85,30,0.062,0.028,.,IM,N,2,FIX,29,CLAEP,8,0.081374,0.006107,ug/mL,6,.,.,ug/g,.,0.005396643,Kg/d,0.007100846,L/d,12.68008214,.,ug/kg bw/d
20,China,ASIA,mice,1.85,30,0.062,0.028,.,IM,N,2,FIX,29,CLAEP,8,0.074962,0.009771,ug/mL,6,.,.,ug/g,.,0.005396643,Kg/d,0.007100846,L/d,12.68008214,.,ug/kg bw/d
20,China,ASIA,mice,1.85,30,0.062,0.02,.,IF,N,2,FIX,29,CLAEP,8,0.074656,0.01374,ug/mL,6,.,.,ug/g,.,0.003724,Kg/d,0.0049,L/d,12.25,.,ug/kg bw/d
20,China,ASIA,mice,1.85,30,0.062,0.02,.,IF,N,2,FIX,29,CLAEP,8,0.070382,0.013435,ug/mL,6,.,.,ug/g,.,0.003724,Kg/d,0.0049,L/d,12.25,.,ug/kg bw/d
20,China,ASIA,mice,1.85,30,0.062,0.028,.,IM,N,2,FIX,29,CLAEP,8,0.065496,0.018321,ug/mL,6,.,.,ug/g,.,0.005396643,Kg/d,0.007100846,L/d,12.68008214,.,ug/kg bw/d
20,China,ASIA,mice,1.85,30,0.062,0.028,.,IM,N,2,FIX,29,CLAEP,8,0.061832,0.004275,ug/mL,6,.,.,ug/g,.,0.005396643,Kg/d,0.007100846,L/d,12.68008214,.,ug/kg bw/d
20,China,ASIA,mice,1.85,30,0.062,0.02,.,IF,N,2,FIX,29,CLAEP,8,0.061527,0.012824,ug/mL,6,.,.,ug/g,.,0.003724,Kg/d,0.0049,L/d,12.25,.,ug/kg bw/d
20,China,ASIA,mice,1.85,30,0.062,0.02,.,IF,N,2,FIX,29,CLAEP,8,0.057557,0.00916,ug/mL,6,.,.,ug/g,.,0.003724,Kg/d,0.0049,L/d,12.25,.,ug/kg bw/d
20,China,ASIA,mice,1.85,30,0.062,0.028,.,IM,N,2,FIX,29,CLAEP,8,0.055725,0.007023,ug/mL,6,.,.,ug/g,.,0.005396643,Kg/d,0.007100846,L/d,12.68008214,.,ug/kg bw/d
20,China,ASIA,mice,1.85,30,0.062,0.02,.,IF,N,2,FIX,29,CLAEP,8,0.052977,0.008244,ug/mL,6,.,.,ug/g,.,0.003724,Kg/d,0.0049,L/d,12.25,.,ug/kg bw/d
20,China,ASIA,mice,1.85,30,0.062,0.02,.,IF,N,2,FIX,29,CLAEP,8,0.050534,0.006107,ug/mL,6,.,.,ug/g,.,0.003724,Kg/d,0.0049,L/d,12.25,.,ug/kg bw/d
20,China,ASIA,mice,1.85,30,0.062,0.02,.,IF,N,2,FIX,29,CLAEP,8,0.048092,0.006412,ug/mL,6,.,.,ug/g,.,0.003724,Kg/d,0.0049,L/d,12.25,.,ug/kg bw/d
20,China,ASIA,mice,1.85,30,0.062,0.028,.,IM,N,2,FIX,29,CLAEP,8,0.045649,0.01313,ug/mL,6,.,.,ug/g,.,0.005396643,Kg/d,0.007100846,L/d,12.68008214,.,ug/kg bw/d
20,China,ASIA,mice,1.85,30,0.062,0.028,.,IM,N,2,FIX,29,CLAEP,8,0.045344,0.010382,ug/mL,6,.,.,ug/g,.,0.005396643,Kg/d,0.007100846,L/d,12.68008214,.,ug/kg bw/d
20,China,ASIA,mice,1.85,30,0.062,0.02,.,IF,N,2,FIX,29,CLAEP,8,0.044733,0.01771,ug/mL,6,.,.,ug/g,.,0.003724,Kg/d,0.0049,L/d,12.25,.,ug/kg bw/d
20,China,ASIA,mice,1.85,30,0.062,0.028,.,IM,N,2,FIX,29,CLAEP,8,0.043511,0.006718,ug/mL,6,.,.,ug/g,.,0.005396643,Kg/d,0.007100846,L/d,12.68008214,.,ug/kg bw/d
20,China,ASIA,mice,1.85,30,0.062,0.02,.,IF,N,2,FIX,29,CLAEP,8,0.036794,0.007634,ug/mL,6,.,.,ug/g,.,0.003724,Kg/d,0.0049,L/d,12.25,.,ug/kg bw/d
20,China,ASIA,mice,1.85,30,0.062,0.028,.,IM,N,2,FIX,29,CLAEP,8,0.034656,0.012214,ug/mL,6,.,.,ug/g,.,0.005396643,Kg/d,0.007100846,L/d,12.68008214,.,ug/kg bw/d
20,China,ASIA,mice,1.85,30,0.062,0.028,.,IM,N,2,FIX,29,CLAEP,8,0.02916,0.00687,ug/mL,6,.,.,ug/g,.,0.005396643,Kg/d,0.007100846,L/d,12.68008214,.,ug/kg bw/d
20,China,ASIA,mice,1.85,30,0.062,0.02,.,IF,N,2,FIX,29,CLAEP,8,0.023053,0.004885,ug/mL,6,.,.,ug/g,.,0.003724,Kg/d,0.0049,L/d,12.25,.,ug/kg bw/d
20,China,ASIA,mice,1.85,30,0.062,0.02,.,IF,N,2,FIX,29,CLAEP,8,0.023053,0.010382,ug/mL,6,.,.,ug/g,.,0.003724,Kg/d,0.0049,L/d,12.25,.,ug/kg bw/d
20,China,ASIA,mice,1.85,30,0.062,0.028,.,IM,N,2,FIX,29,CLAEP,8,0.021527,0.003664,ug/mL,6,.,.,ug/g,.,0.005396643,Kg/d,0.007100846,L/d,12.68008214,.,ug/kg bw/d
20,China,ASIA,mice,1.85,30,0.062,0.02,.,IF,N,2,FIX,29,CLAEP,8,0.02,0.005191,ug/mL,6,.,.,ug/g,.,0.003724,Kg/d,0.0049,L/d,12.25,.,ug/kg bw/d
20,China,ASIA,mice,1.85,30,0.062,0.02,.,IF,N,2,FIX,29,CLAEP,8,0.015725,0.002137,ug/mL,6,.,.,ug/g,.,0.003724,Kg/d,0.0049,L/d,12.25,.,ug/kg bw/d
20,China,ASIA,mice,1.85,30,0.062,0.028,.,IM,N,2,FIX,29,CLAEP,8,0.01542,0.003969,ug/mL,6,.,.,ug/g,.,0.005396643,Kg/d,0.007100846,L/d,12.68008214,.,ug/kg bw/d
20,China,ASIA,mice,1.85,30,0.062,0.02,.,IF,N,2,FIX,29,CLAEP,8,0.014809,0.00458,ug/mL,6,.,.,ug/g,.,0.003724,Kg/d,0.0049,L/d,12.25,.,ug/kg bw/d
20,China,ASIA,mice,1.85,30,0.062,0.02,.,IF,N,2,FIX,29,CLAEP,8,0.014504,0.003359,ug/mL,6,.,.,ug/g,.,0.003724,Kg/d,0.0049,L/d,12.25,.,ug/kg bw/d
20,China,ASIA,mice,1.85,30,0.062,0.02,.,IF,N,2,FIX,29,CLAEP,8,0.007786,0.002443,ug/mL,6,.,.,ug/g,.,0.003724,Kg/d,0.0049,L/d,12.25,.,ug/kg bw/d
20,China,ASIA,mice,1.85,30,0.062,0.02,.,IF,N,2,FIX,29,CLAEP,8,0.00626,0.001527,ug/mL,6,.,.,ug/g,.,0.003724,Kg/d,0.0049,L/d,12.25,.,ug/kg bw/d
20,China,ASIA,mice,1.85,30,0.062,0.028,.,IM,N,1,FIX,30,CLAEP,63,1.456,0.452,ug/mL,6,.,.,ug/g,.,0.005396643,Kg/d,0.007100846,L/d,12.68008214,.,ug/kg bw/d
20,China,ASIA,mice,1.85,30,0.062,0.0284,.,IF,N,1,FIX,30,CLAEP,63,0.97,.,ug/mL,1,.,.,ug/g,.,0.005396,Kg/d,0.0071,L/d,12.5,.,ug/kg bw/d
20,China,ASIA,mice,1.85,30,0.062,0.0338,.,IF,N,1,FIX,30,CLAEP,63,0.707,.,ug/mL,1,.,.,ug/g,.,0.006422,Kg/d,0.00845,L/d,12.5,.,ug/kg bw/d
20,China,ASIA,mice,1.85,30,0.062,0.0261,.,IF,N,1,FIX,30,CLAEP,63,0.668,.,ug/mL,1,.,.,ug/g,.,0.004959,Kg/d,0.006525,L/d,12.5,.,ug/kg bw/d
20,China,ASIA,mice,1.85,30,0.062,0.02,.,IF,N,1,FIX,30,CLAEP,63,0.594,0.076,ug/mL,6,.,.,ug/g,.,0.003724,Kg/d,0.0049,L/d,12.25,.,ug/kg bw/d
20,China,ASIA,mice,1.85,30,0.062,0.0282,.,IF,N,1,FIX,30,CLAEP,63,0.568,.,ug/mL,1,.,.,ug/g,.,0.005358,Kg/d,0.00705,L/d,12.5,.,ug/kg bw/d
20,China,ASIA,mice,1.85,30,0.062,0.0267,.,IF,N,1,FIX,30,CLAEP,63,0.528,.,ug/mL,1,.,.,ug/g,.,0.005073,Kg/d,0.006675,L/d,12.5,.,ug/kg bw/d
20,China,ASIA,mice,1.85,30,0.062,0.0262,.,IF,Y,1,FIX,30,CLAEP,63,0.524,.,ug/mL,1,.,.,ug/g,.,0.004978,Kg/d,0.00655,L/d,12.5,.,ug/kg bw/d
20,China,ASIA,mice,1.85,30,0.062,0.0321,.,IF,N,1,FIX,30,CLAEP,63,0.395,.,ug/mL,1,.,.,ug/g,.,0.006099,Kg/d,0.008025,L/d,12.5,.,ug/kg bw/d
20,China,ASIA,mice,1.85,30,0.062,0.0312,.,IF,Y,1,FIX,30,CLAEP,63,0.343,.,ug/mL,1,.,.,ug/g,.,0.005928,Kg/d,0.0078,L/d,12.5,.,ug/kg bw/d
20,China,ASIA,mice,1.85,30,0.062,0.0281,.,IF,Y,1,FIX,30,CLAEP,63,0.257,.,ug/mL,1,.,.,ug/g,.,0.005339,Kg/d,0.007025,L/d,12.5,.,ug/kg bw/d
20,China,ASIA,mice,1.85,30,0.062,0.0316,.,IF,Y,1,FIX,30,CLAEP,63,0.231,.,ug/mL,1,.,.,ug/g,.,0.006004,Kg/d,0.0079,L/d,12.5,.,ug/kg bw/d
20,China,ASIA,mice,1.85,30,0.062,0.0283,.,IF,Y,1,FIX,30,CLAEP,63,0.203,.,ug/mL,1,.,.,ug/g,.,0.005377,Kg/d,0.007075,L/d,12.5,.,ug/kg bw/d
20,China,ASIA,mice,1.85,30,0.062,0.0275,.,IF,Y,1,FIX,30,CLAEP,63,0.149,.,ug/mL,1,.,.,ug/g,.,0.005225,Kg/d,0.006875,L/d,12.5,.,ug/kg bw/d
21,China,ASIA,mice,1.61,30,0.054,0.019,.,IF,N,1,FIX,31,CLAEP,21,15.79832,0.000001,ug/mL,7,20.7767,5.889968,ug/g,7,0.00361,Kg/d,0.00475,L/d,5000,.,ug/kg bw/d
21,China,ASIA,mice,1.61,30,0.054,0.019,.,IF,N,1,FIX,31,CLAEP,21,2.268908,0.000001,ug/mL,7,2.912621,0.711974,ug/g,7,0.00361,Kg/d,0.00475,L/d,1000,.,ug/kg bw/d
21,China,ASIA,mice,1.61,30,0.054,0.019,.,IF,N,1,FIX,31,CLANEP,21,0.000025,0.000001,ug/mL,7,0.000001,0.000001,ug/g,7,0.00361,Kg/d,0.00475,L/d,0.000025,.,ug/kg bw/d
22,China,ASIA,mice,2.08,30,0.069,0.032,.,IM,N,1,FIX,32,CLAEP,60,51.71,9.32269,ug/mL,6,.,.,ug/g,.,0.006067577,Kg/d,0.007983654,L/d,833.3,.,ug/kg bw/d
22,China,ASIA,mice,2.08,30,0.069,0.032,.,IM,N,1,FIX,32,CLAEP,60,22.64,5.60621,ug/mL,6,.,.,ug/g,.,0.006067577,Kg/d,0.007983654,L/d,416.7,.,ug/kg bw/d
22,China,ASIA,mice,2.08,30,0.069,0.032,.,IM,N,1,FIX,32,CLAEP,60,10.75,0.000001,ug/mL,6,.,.,ug/g,.,0.006067577,Kg/d,0.007983654,L/d,83.3,.,ug/kg bw/d
22,China,ASIA,mice,2.08,30,0.069,0.032,.,IM,N,1,FIX,32,CLAEP,60,2.36,0.000001,ug/mL,6,.,.,ug/g,.,0.006067577,Kg/d,0.007983654,L/d,16.7,.,ug/kg bw/d
22,China,ASIA,mice,2.08,30,0.069,0.032,.,IM,N,1,FIX,32,CLAEP,60,1.07,0.000001,ug/mL,6,.,.,ug/g,.,0.006067577,Kg/d,0.007983654,L/d,8.3,.,ug/kg bw/d
22,China,ASIA,mice,2.08,30,0.069,0.032,.,IM,N,1,FIX,32,CLANEP,60,0.05,0.000001,ug/mL,6,.,.,ug/g,.,0.006067577,Kg/d,0.007983654,L/d,0.000025,.,ug/kg bw/d
23,Canada,NAM,rat,1.18,25,0.0472,0.1542,0.0091,IF,N,2,FIX,33,CLAEP,28,43.2,3.95,ug/mL,5,.,.,ug/g,.,0.009252,Kg/d,0.018504,L/d,7580,680,ug/kg bw/d
23,Canada,NAM,rat,1.18,25,0.0472,0.1516,0.0121,IF,N,2,FIX,33,CLAEP,28,31.93,3.59,ug/mL,5,.,.,ug/g,.,0.009096,Kg/d,0.018192,L/d,3730,570,ug/kg bw/d
23,Canada,NAM,rat,1.18,25,0.0472,0.1562,0.0088,IF,N,2,FIX,33,CLAEP,28,15.4,1.56,ug/mL,5,.,.,ug/g,.,0.009372,Kg/d,0.018744,L/d,1430,240,ug/kg bw/d
23,Canada,NAM,rat,1.18,25,0.0472,0.1537,0.0085,IF,N,2,FIX,33,CLAEP,28,1.5,0.23,ug/mL,5,.,.,ug/g,.,0.009222,Kg/d,0.018444,L/d,150,20,ug/kg bw/d
23,Canada,NAM,rat,1.18,25,0.0472,0.2472,0.0275,IF,N,2,FIX,33,CLANEP,28,0.95,0.51,ug/mL,5,.,.,ug/g,.,0.014832,Kg/d,0.029664,L/d,0.000025,.,ug/kg bw/d
23,Canada,NAM,rat,1.18,25,0.0472,0.327,0.0216,IM,N,1,FIX,34,CLAEP,28,29.88,3.53,ug/mL,5,.,.,ug/g,.,0.01962,Kg/d,0.03924,L/d,6340,1350,ug/kg bw/d
23,Canada,NAM,rat,1.18,25,0.0472,0.3637,0.0257,IM,N,1,FIX,34,CLAEP,28,20.93,2.36,ug/mL,5,.,.,ug/g,.,0.021822,Kg/d,0.043644,L/d,3210,570,ug/kg bw/d
23,Canada,NAM,rat,1.18,25,0.0472,0.3862,0.0259,IM,N,1,FIX,34,CLAEP,28,13.45,1.48,ug/mL,5,.,.,ug/g,.,0.023172,Kg/d,0.046344,L/d,1330,240,ug/kg bw/d
23,Canada,NAM,rat,1.18,25,0.0472,0.4123,0.032,IM,N,1,FIX,34,CLAEP,28,0.95,0.13,ug/mL,5,.,.,ug/g,.,0.024738,Kg/d,0.049476,L/d,140,20,ug/kg bw/d
23,Canada,NAM,rat,1.18,25,0.0472,0.4151,0.0401,IM,N,1,FIX,34,CLANEP,28,0.47,0.27,ug/mL,5,.,.,ug/g,.,0.024906,Kg/d,0.049812,L/d,0.000025,.,ug/kg bw/d
24,China,ASIA,mice,1,30,0.033,0.0181,0.0009645,IF,N,1,FIX,35,CLAEP,60,350.96,32.81,ug/mL,6,511.34,51.98,ug/g,6,0.003439,Kg/d,0.004525,L/d,1000,.,ug/kg bw/d
24,China,ASIA,mice,1,30,0.033,0.0194,0.0009067,IF,N,1,FIX,35,CLAEP,60,82.62,25.09,ug/mL,6,34.96,7.72,ug/g,6,0.003686,Kg/d,0.00485,L/d,100,.,ug/kg bw/d
24,China,ASIA,mice,1,30,0.033,0.0189,0.0009759,IF,N,1,FIX,35,CLANEP,60,0.639594,0.177665,ug/mL,6,1.101523,0.177665,ug/g,6,0.003591,Kg/d,0.004725,L/d,0.000025,.,ug/kg bw/d
25,Sweden,EU,mice,1.62,30,0.054,0.0249,.,IM,N,1,FIX,36,CLAEP,10,340,16,ug/mL,4,.,.,ug/g,.,0.004725709,Kg/d,0.006218038,L/d,20000,.,ug/kg bw/d
25,Sweden,EU,mice,1.62,30,0.054,0.0249,.,IM,N,1,FIX,36,CLAEP,10,96.7,10.4,ug/mL,4,.,.,ug/g,.,0.004725709,Kg/d,0.006218038,L/d,5000,.,ug/kg bw/d
25,Sweden,EU,mice,1.62,30,0.054,0.0249,.,IM,N,1,FIX,36,CLAEP,10,50.8,5,ug/mL,4,.,.,ug/g,.,0.004725709,Kg/d,0.006218038,L/d,1000,.,ug/kg bw/d
25,Sweden,EU,mice,1.62,30,0.054,0.0249,.,IM,N,1,FIX,36,CLANEP,10,0.0287,0.02,ug/mL,4,.,.,ug/g,.,0.004725709,Kg/d,0.006218038,L/d,0.000025,.,ug/kg bw/d
26,USA,NAM,mice,2,30,0.067,0.02,.,IM,N,2,FIX,37,CLAEP,28,0.131,0.0152,ug/mL,5,.,.,ug/g,.,0.0038,Kg/d,0.005,L/d,3.31,.,ug/kg bw/d
26,USA,NAM,mice,2,30,0.067,0.02,.,IM,N,2,FIX,37,CLAEP,28,0.0915,0.0222,ug/mL,4,.,.,ug/g,.,0.0038,Kg/d,0.005,L/d,1.66,.,ug/kg bw/d
26,USA,NAM,mice,2,30,0.067,0.02,.,IM,N,2,FIX,37,CLAEP,28,0.0178,0.00424,ug/mL,5,.,.,ug/g,.,0.0038,Kg/d,0.005,L/d,0.166,.,ug/kg bw/d
26,USA,NAM,mice,2,30,0.067,0.02,.,IM,N,2,FIX,37,CLANEP,28,0.0121,0.00464,ug/mL,5,.,.,ug/g,.,0.0038,Kg/d,0.005,L/d,0.000025,.,ug/kg bw/d
26,USA,NAM,mice,2,30,0.067,0.02,.,IF,N,1,FIX,38,CLAEP,28,0.666,0.108,ug/mL,5,.,.,ug/g,.,0.0038,Kg/d,0.005,L/d,16.6,.,ug/kg bw/d
26,USA,NAM,mice,2,30,0.067,0.02,.,IF,N,1,FIX,38,CLAEP,28,0.123,0.0187,ug/mL,5,.,.,ug/g,.,0.0038,Kg/d,0.005,L/d,3.31,.,ug/kg bw/d
26,USA,NAM,mice,2,30,0.067,0.02,.,IF,N,1,FIX,38,CLAEP,28,0.0881,0.0105,ug/mL,5,.,.,ug/g,.,0.0038,Kg/d,0.005,L/d,1.66,.,ug/kg bw/d
26,USA,NAM,mice,2,30,0.067,0.02,.,IF,N,1,FIX,38,CLANEP,28,0.0168,0.00431,ug/mL,5,.,.,ug/g,.,0.0038,Kg/d,0.005,L/d,0.000025,.,ug/kg bw/d
27,USA,NAM,mice,1.75,30,0.058,0.0226,.,IM,N,1,FIX,39,CLAEP,56,253.44,50.4,ug/ml,6,.,.,ug/g,.,0.004294,Kg/d,0.00565,L/d,30000,.,ug/kg bw/d
27,USA,NAM,mice,1.75,30,0.058,0.0245,.,IM,N,1,FIX,39,CLAEP,56,59.04,3.6,ug/ml,6,.,.,ug/g,.,0.004655,Kg/d,0.006125,L/d,7500,.,ug/kg bw/d
27,USA,NAM,mice,1.75,30,0.058,0.0251,.,IM,N,1,FIX,39,CLAEP,56,25.2,1.44,ug/ml,6,.,.,ug/g,.,0.004769,Kg/d,0.006275,L/d,1500,.,ug/kg bw/d
27,USA,NAM,mice,1.75,30,0.058,0.0256,.,IM,N,1,FIX,39,CLANEP,56,0.000025,0.000001,ug/ml,6,.,.,ug/g,.,0.004864,Kg/d,0.0064,L/d,0.000025,.,ug/kg bw/d
28,USA,NAM,mice,1.25,30,0.042,0.034,.,IM,N,1,FIX,40,CLAEP,70,40,6.9,ug/ml,16,200.2,22.5,ug/g,16,0.00646,Kg/d,0.0085,L/d,360,.,ug/kg bw/d
28,USA,NAM,mice,1.25,30,0.042,0.03,.,IM,N,1,FIX,40,CLANEP,70,0.0075,0.000001,ug/ml,16,3,.,ug/g,16,0.0057,Kg/d,0.0075,L/d,0.000025,.,ug/kg bw/d
29,SWE,EUR,mice,1.75,30,0.058,0.021,.,IM,N,1,FIX,41,CLAEP,1,0.0549,0.0036009,ug/ml,6,0.057,0.0065017,ug/g,6,0.00399,Kg/d,0.00525,L/d,31,.,ug/kg bw/d
29,SWE,EUR,mice,1.75,30,0.058,0.021,.,IM,N,1,FIX,41,CLAEP,3,0.01152,0.0189054,ug/ml,6,0.1715,0.012003,ug/g,6,0.00399,Kg/d,0.00525,L/d,31,.,ug/kg bw/d
29,SWE,EUR,mice,1.75,30,0.058,0.021,.,IM,N,1,FIX,41,CLAEP,5,0.0891,0.00810216,ug/ml,6,0.289,0.0195,ug/g,6,0.00399,Kg/d,0.00525,L/d,31,.,ug/kg bw/d
29,SWE,EUR,mice,1.75,30,0.058,0.021,.,IM,N,1,FIX,41,CLAEP,1,0.0603,0.0279072,ug/ml,6,0.123,0.015504,ug/g,6,0.00399,Kg/d,0.00525,L/d,23000,.,ug/kg bw/d
29,SWE,EUR,mice,1.75,30,0.058,0.021,.,IM,N,1,FIX,41,CLAEP,3,0.1539,0.0639162,ug/ml,6,0.349,0.035509,ug/g,6,0.00399,Kg/d,0.00525,L/d,23000,.,ug/kg bw/d
29,SWE,EUR,mice,1.75,30,0.058,0.021,.,IM,N,1,FIX,41,CLAEP,5,0.2583,0.102627,ug/ml,6,0.5221,0.057015,ug/g,6,0.00399,Kg/d,0.00525,L/d,23000,.,ug/kg bw/d
30,CHI,ASIA,mice,0.5,30,0.057,0.0074,0.0011,IF,N,2,FIX,42,CLAEP,14,94.9153,15.2542,ug/ml,6,275.35,49.29,ug/g,6,0.001406,Kg/d,0.00185,L/d,50000,.,ug/kg bw/d
30,CHI,ASIA,mice,1,30,0.114,0.0149,0.0044,IF,N,2,FIX,42,CLAEP,28,89.8305,13.5593,ug/ml,6,399.43,62.89,ug/g,6,0.002831,Kg/d,0.003725,L/d,50000,.,ug/kg bw/d
30,CHI,ASIA,mice,0.75,30,0.084,0.0109,0.0019,IF,N,2,FIX,42,CLAEP,21,79.661,10.1695,ug/ml,6,424.93,32.29,ug/g,6,0.002071,Kg/d,0.002725,L/d,50000,.,ug/kg bw/d
30,CHI,ASIA,mice,1.25,30,0.148,0.0193,0.003,IF,N,2,FIX,42,CLAEP,35,79.661,6.7797,ug/ml,6,550.71,86.69,ug/g,6,0.003667,Kg/d,0.004825,L/d,50000,.,ug/kg bw/d
30,CHI,ASIA,mice,0.25,30,0.034,0.0044,0.0012,IF,N,2,FIX,42,CLAEP,7,76.2712,8.4746,ug/ml,6,214.16,59.49,ug/g,6,0.000836,Kg/d,0.0011,L/d,50000,.,ug/kg bw/d
30,CHI,ASIA,mice,0.5,30,0.016,0.0077,0.0015,IM,N,1,FIX,43,CLAEP,14,98.2759,12.069,ug/ml,6,375,84.46,ug/g,6,0.001425,Kg/d,0.001875,L/d,50000,.,ug/kg bw/d
30,CHI,ASIA,mice,0.25,30,0.009,0.0049,0.0012,IM,N,1,FIX,43,CLAEP,7,93.1034,18.9655,ug/ml,6,255.07,48.99,ug/g,6,0.000817,Kg/d,0.001075,L/d,50000,.,ug/kg bw/d
30,CHI,ASIA,mice,1.25,30,0.038,0.0197,0.0064,IM,N,1,FIX,43,CLAEP,35,87.931,5.1724,ug/ml,6,579.39,59.12,ug/g,6,0.003344,Kg/d,0.0044,L/d,50000,.,ug/kg bw/d
30,CHI,ASIA,mice,1,30,0.037,0.017,0.005,IM,N,1,FIX,43,CLAEP,28,79.3103,20.6897,ug/ml,6,538.85,89.53,ug/g,6,0.003268,Kg/d,0.0043,L/d,50000,.,ug/kg bw/d
30,CHI,ASIA,mice,0.75,30,0.024,0.013,0.0025,IM,N,1,FIX,43,CLAEP,21,75.8621,17.2414,ug/ml,6,484.8,81.08,ug/g,6,0.00209,Kg/d,0.00275,L/d,50000,.,ug/kg bw/d
31,USA,NAM,mice,1.85,30,0.071,0.0516,0.005145,IM,N,2,FIX,44,CLAEP,203,32.5,5.1,ug/ml,6,97.8,17.15,ug/g,6,0.00175,Kg/d,0.00499,L/d,150,.,ug/kg bw/d
31,USA,NAM,mice,1.85,30,0.071,0.0537,0.00441,IM,N,2,FIX,44,CLANEP,203,0.000025,0.000001,ug/ml,6,0.000001,.,ug/g,6,0.010203,Kg/d,0.013425,L/d,0.000025,.,ug/kg bw/d
31,USA,NAM,mice,1.85,30,0.071,0.0445,0.00343,IM,N,1,FIX,45,CLAEP,203,33.9,18.9,ug/ml,6,105.1,37,ug/g,6,0.003298,Kg/d,0.002759,L/d,150,.,ug/kg bw/d
31,USA,NAM,mice,1.85,30,0.071,0.0421,0.006125,IM,N,1,FIX,45,CLANEP,203,0.000025,0.000001,ug/ml,6,0.000001,.,ug/g,6,0.007999,Kg/d,0.010525,L/d,0.000025,.,ug/kg bw/d
32,USA,NAM,mice,2,30,0.071,0.032,.,IF,N,1,FIX,46,CLAEP,28,12.47,0.61,ug/ml,5,31.31,4.85,ug/g,10,0.00608,Kg/d,0.008,L/d,5000,.,ug/kg bw/d
32,USA,NAM,mice,2,30,0.071,0.032,.,IF,N,1,FIX,46,CLAEP,28,2.15,0.55,ug/ml,5,5.84,0.65,ug/g,10,0.00608,Kg/d,0.008,L/d,1000,.,ug/kg bw/d
32,USA,NAM,mice,2,30,0.071,0.032,.,IF,N,1,FIX,46,CLAEP,28,1.16,0.09,ug/ml,5,3.19,0.24,ug/g,10,0.00608,Kg/d,0.008,L/d,500,.,ug/kg bw/d
32,USA,NAM,mice,2,30,0.071,0.032,.,IF,N,1,FIX,46,CLANEP,28,0.0005,0.000001,ug/ml,5,0.0005,.,ug/g,10,0.00608,Kg/d,0.008,L/d,0.000025,.,ug/kg bw/d
32,USA,NAM,mice,2,30,0.071,0.032,.,IF,N,1,FIX,46,CLAEP,28,0.0005,0.000001,ug/ml,5,0.0005,.,ug/g,10,0.00608,Kg/d,0.008,L/d,100,.,ug/kg bw/d
33,CHI,ASIA,mice,2,30,0.071,0.037,.,IM,N,1,FIX,47,CLAEP,28,297.0786517,37.10928255,ug/ml,20,.,.,ug/g,.,0.00703,Kg/d,0.00925,L/d,50000,.,ug/kg bw/d
33,CHI,ASIA,mice,2,30,0.071,0.037,.,IM,N,1,FIX,47,CLAEP,28,227.65273,0.000001,ug/ml,20,.,.,ug/g,.,0.00703,Kg/d,0.00925,L/d,25000,.,ug/kg bw/d
33,CHI,ASIA,mice,2,30,0.071,0.037,.,IM,N,1,FIX,47,CLAEP,28,36.012862,0.000001,ug/ml,20,.,.,ug/g,.,0.00703,Kg/d,0.00925,L/d,2500,.,ug/kg bw/d
33,CHI,ASIA,mice,2,30,0.071,0.037,.,IM,N,1,FIX,47,CLAEP,28,1.2861736,0.000001,ug/ml,20,.,.,ug/g,.,0.00703,Kg/d,0.00925,L/d,250,.,ug/kg bw/d
33,CHI,ASIA,mice,2,30,0.071,0.037,.,IM,N,1,FIX,47,CLANEP,28,0.000025,0.000001,ug/ml,20,.,.,ug/g,.,0.00703,Kg/d,0.00925,L/d,0.000025,.,ug/kg bw/d
34,USA,NAM,rat,3,25,0.12,0.342,.,IM,N,1,FIX,48,CLANEP,2,14.7,6.8,ug/ml,5,22.3,6.2,ug/g,5,0.006,Kg/d,0.0012,L/d,13500,.,ug/kg bw/d
34,USA,NAM,rat,3,25,0.12,0.342,.,IM,N,1,FIX,48,CLANEP,1,6.9,0.6,ug/ml,5,35.6,5.6,ug/g,5,0.006,Kg/d,0.0012,L/d,3500,.,ug/kg bw/d
34,USA,NAM,rat,3,25,0.12,0.342,.,IM,N,1,FIX,48,CLAEP,2,5.1,0.17,ug/ml,5,12.1,2.1,ug/g,5,0.006,Kg/d,0.0012,L/d,13300,.,ug/kg bw/d
34,USA,NAM,rat,3,25,0.12,0.342,.,IM,N,1,FIX,48,CLAEP,1,0.9,0.1,ug/ml,5,9.4,1.6,ug/g,5,0.006,Kg/d,0.0012,L/d,3400,.,ug/kg bw/d
35,CHI,ASIA,rat,2.5,25,0.1,0.342,.,IF,N,1,FIX,49,CLAEP,19,4.77678,1.24925,ug/ml,6,.,.,ug/g,.,0.006,Kg/d,0.0012,L/d,200,.,ug/kg bw/d
35,CHI,ASIA,rat,2.5,25,0.1,0.342,.,IF,N,1,FIX,49,CLAEP,19,0.09637,0.01618,ug/ml,6,.,.,ug/g,.,0.006,Kg/d,0.0012,L/d,4,.,ug/kg bw/d
35,CHI,ASIA,rat,2.5,25,0.1,0.342,.,IF,N,1,FIX,49,CLANEP,19,0.00234,0.00162,ug/ml,6,.,.,ug/g,.,0.006,Kg/d,0.0012,L/d,0.000025,.,ug/kg bw/d
36,USA,NAM,rat,2.4,25,0.1975,0.1975,.,IF,N,1,FIX,50,CLAEP,21,155,39.3,ug/ml,6,610,142,ug/g,14,0.006,Kg/d,0.0012,L/d,3200,.,ug/kg bw/d
36,USA,NAM,rat,2.4,25,0.1975,0.1975,.,IF,N,1,FIX,50,CLAEP,21,136,86.5,ug/ml,4,388,167,ug/g,13,0.006,Kg/d,0.0012,L/d,1600,.,ug/kg bw/d
36,USA,NAM,rat,2.4,25,0.1975,0.1975,.,IF,N,1,FIX,50,CLAEP,21,26.2,16.1,ug/ml,6,107,22.7,ug/g,15,0.006,Kg/d,0.0012,L/d,400,.,ug/kg bw/d
36,USA,NAM,rat,2.4,25,0.1975,0.1975,.,IF,N,1,FIX,50,CLAEP,21,4.52,1.15,ug/ml,7,29.2,10.5,ug/g,16,0.006,Kg/d,0.0012,L/d,100,.,ug/kg bw/d
37,USA,NAM,mice,2,30,0.066666667,0.037,.,IF,N,2,FIX,51,CLAEP,28,0.666,0.108,ug/ml,5,.,.,ug/g,.,0.00703,Kg/d,0.00925,L/d,500,.,ug/kg bw/d
37,USA,NAM,mice,2,30,0.066666667,0.037,.,IF,N,2,FIX,51,CLANEP,28,0.168,0.00431,ug/ml,5,.,.,ug/g,.,0.00703,Kg/d,0.00925,L/d,0.000025,.,ug/kg bw/d
37,USA,NAM,mice,2,30,0.066666667,0.037,.,IF,N,2,FIX,51,CLAEP,28,0.123,0.0187,ug/ml,5,.,.,ug/g,.,0.00703,Kg/d,0.00925,L/d,100,.,ug/kg bw/d
37,USA,NAM,mice,2,30,0.066666667,0.037,.,IF,N,2,FIX,51,CLAEP,28,0.0881,0.0105,ug/ml,5,.,.,ug/g,.,0.00703,Kg/d,0.00925,L/d,50,.,ug/kg bw/d
37,USA,NAM,mice,2,30,0.066666667,0.037,.,IM,N,1,FIX,52,CLAEP,28,0.131,0.0152,ug/ml,5,.,.,ug/g,.,0.00703,Kg/d,0.00925,L/d,100,.,ug/kg bw/d
37,USA,NAM,mice,2,30,0.066666667,0.037,.,IM,N,1,FIX,52,CLAEP,28,0.0915,0.0222,ug/ml,4,.,.,ug/g,.,0.00703,Kg/d,0.00925,L/d,50,.,ug/kg bw/d
37,USA,NAM,mice,2,30,0.066666667,0.037,.,IM,N,1,FIX,52,CLAEP,28,0.0178,0.00424,ug/ml,5,.,.,ug/g,.,0.00703,Kg/d,0.00925,L/d,5,.,ug/kg bw/d
37,USA,NAM,mice,2,30,0.066666667,0.037,.,IM,N,1,FIX,52,CLANEP,28,0.0121,0.00464,ug/ml,5,.,.,ug/g,.,0.00703,Kg/d,0.00925,L/d,0.000025,.,ug/kg bw/d
38,CHI,ASIA,rat,.,.,.,0.2,.,IF,N,1,FIX,53,CLAEP,38,28.7,1.44,ug/ml,6,.,.,ug/g,.,.,Kg/d,.,L/d,0.035,.,ug/kg bw/d
38,CHI,ASIA,rat,.,.,.,0.2,.,IF,N,1,FIX,53,CLAEP,38,3.15,0.21,ug/ml,6,.,.,ug/g,.,.,Kg/d,.,L/d,0.0035,.,ug/kg bw/d
38,CHI,ASIA,rat,.,.,.,0.2,.,IF,N,1,FIX,53,CLANEP,38,0.000025,.,ug/ml,3,.,.,ug/g,.,.,Kg/d,.,L/d,0.000025,.,ug/kg bw/d
39,USA,NAM,rat,1.4,25,0.056,0.75,.,IF,N,1,FIX,54,CLAEP,728,233,124,ug/ml,25,381,176,ug/g,25,0.16,Kg/d,0.0186,L/d,4.27,,ug/kg bw/d
39,USA,NAM,rat,1.4,25,0.056,0.75,.,IF,N,1,FIX,54,CLAEP,728,75,45.7,ug/ml,15,131,61.4,ug/g,15,0.16,Kg/d,0.0186,L/d,1.07,,ug/kg bw/d
39,USA,NAM,rat,1.4,25,0.056,0.75,.,IM,N,1,FIX,54,CLAEP,728,69.3,57.9,ug/ml,22,189,141,ug/g,20,0.17,Kg/d,0.0216,L/d,4.53,,ug/kg bw/d
39,USA,NAM,rat,1.4,25,0.056,0.75,.,IM,N,1,FIX,54,CLAEP,728,22.5,23.5,ug/ml,25,70.5,63,ug/g,25,0.17,Kg/d,0.0216,L/d,1.13,,ug/kg bw/d
39,USA,NAM,rat,1.4,25,0.056,0.75,.,IM,N,1,FIX,54,CLAEP,728,7.6,8.6,ug/ml,17,26.4,20.4,ug/g,17,0.17,Kg/d,0.0216,L/d,0.45,,ug/kg bw/d
39,USA,NAM,rat,1.4,25,0.056,0.75,.,IF,N,1,FIX,54,CLAEP,728,4.35,2.78,ug/ml,15,12.9,6.81,ug/g,15,0.17,Kg/d,0.0186,L/d,0.11,,ug/kg bw/d
39,USA,NAM,rat,1.4,25,0.056,0.75,.,IM,N,1,FIX,54,CLAEP,728,1.3,1.3,ug/ml,10,7.83,7.34,ug/g,10,0.17,Kg/d,0.0216,L/d,0.11,,ug/kg bw/d
39,USA,NAM,rat,1.4,25,0.056,0.75,.,IF,N,1,FIX,54,CLANEP,728,0.084,0.134,ug/ml,24,0.185,0.184,ug/g,24,0.17,Kg/d,0.0186,L/d,0.000025,,ug/kg bw/d
39,USA,NAM,rat,1.4,25,0.056,0.75,.,IM,N,1,FIX,54,CLANEP,728,0.012,0.01,ug/ml,11,0.114,0.148,ug/g,11,0.17,Kg/d,0.0216,L/d,0.000025,,ug/kg bw/d
39,USA,NAM,rat,1.4,25,0.056,0.75,.,IM,N,1,FIX,54,CLAEP,371,146,33.4,ug/ml,5,435,96.9,ug/g,9,0.175,Kg/d,0.0216,L/d,0.12,,ug/kg bw/d
39,USA,NAM,rat,1.4,25,0.056,0.75,.,IM,N,1,FIX,54,CLANEP,371,0.025,0.018,ug/ml,11,0.635,1.04,ug/g,10,0.175,Kg/d,0.0216,L/d,0.000025,,ug/kg bw/d
39,USA,NAM,rat,1.4,25,0.056,0.45,.,IM,N,1,FIX,54,CLAEP,98,148,13.8,ug/ml,5,568,107,ug/g,5,0.175,Kg/d,0.0216,L/d,7.78,,ug/kg bw/d
39,USA,NAM,rat,1.4,25,0.056,0.45,.,IM,N,1,FIX,54,CLAEP,98,43.9,4.9,ug/ml,5,358,28.8,ug/g,5,0.175,Kg/d,0.0216,L/d,1.94,,ug/kg bw/d
39,USA,NAM,rat,1.4,25,0.056,0.45,.,IM,N,1,FIX,54,CLAEP,98,17.1,1.22,ug/ml,5,74,6.16,ug/g,5,0.175,Kg/d,0.0216,L/d,0.78,,ug/kg bw/d
39,USA,NAM,rat,1.4,25,0.056,0.45,.,IM,N,1,FIX,54,CLAEP,98,4.04,0.8,ug/ml,5,23.8,3.45,ug/g,5,0.175,Kg/d,0.0216,L/d,0.19,,ug/kg bw/d
39,USA,NAM,rat,1.4,25,0.056,0.45,.,IM,N,1,FIX,54,CLANEP,98,0.0045,,ug/ml,5,0.459,0.057,ug/g,5,0.175,Kg/d,0.0216,L/d,0.000025,,ug/kg bw/d
39,USA,NAM,rat,1.4,25,0.056,0.18,.,IM,N,1,FIX,54,CLAEP,28,41.8,7.92,ug/ml,5,282,45.3,ug/g,5,0.16,Kg/d,0.0216,L/d,17.78,,ug/kg bw/d
39,USA,NAM,rat,1.4,25,0.056,0.18,.,IM,N,1,FIX,54,CLAEP,28,7.57,2.17,ug/ml,5,47.6,12.5,ug/g,5,0.16,Kg/d,0.0216,L/d,1.94,,ug/kg bw/d
39,USA,NAM,rat,1.4,25,0.056,0.18,.,IM,N,1,FIX,54,CLAEP,28,4.33,1.16,ug/ml,5,31.3,5.84,ug/g,5,0.16,Kg/d,0.0216,L/d,17.78,,ug/kg bw/d
39,USA,NAM,rat,1.4,25,0.056,0.18,.,IM,N,1,FIX,54,CLAEP,28,0.91,0.62,ug/ml,5,11,2.31,ug/g,5,0.16,Kg/d,0.0216,L/d,4.44,,ug/kg bw/d
39,USA,NAM,rat,1.4,25,0.056,0.18,.,IM,N,1,FIX,54,CLANEP,28,0.0045,,ug/ml,5,0.104,0.067,ug/g,5,0.16,Kg/d,0.0216,L/d,1.78,,ug/kg bw/d
39,USA,NAM,rat,1.4,25,0.056,0.75,.,IF,N,1,FIX,54,CLANEP,371,0.395,0.777,ug/ml,5,0.923,1.77,ug/g,10,0.175,Kg/d,0.0216,L/d,0.000025,,ug/kg bw/d
39,USA,NAM,rat,1.4,25,0.056,0.45,.,IF,N,1,FIX,54,CLAEP,98,223,22.4,ug/ml,5,635,49,ug/g,5,0.175,Kg/d,0.0216,L/d,7.78,,ug/kg bw/d
39,USA,NAM,rat,1.4,25,0.056,0.45,.,IF,N,1,FIX,54,CLAEP,98,64.4,5.48,ug/ml,5,370,22.3,ug/g,5,0.175,Kg/d,0.0216,L/d,1.94,,ug/kg bw/d
39,USA,NAM,rat,1.4,25,0.056,0.45,.,IF,N,1,FIX,54,CLAEP,98,27.3,2.34,ug/ml,5,69.2,3.46,ug/g,5,0.175,Kg/d,0.0216,L/d,0.78,,ug/kg bw/d
39,USA,NAM,rat,1.4,25,0.056,0.45,.,IF,N,1,FIX,54,CLAEP,98,6.96,0.99,ug/ml,4,19.2,3.77,ug/g,5,0.175,Kg/d,0.0216,L/d,0.19,,ug/kg bw/d
39,USA,NAM,rat,1.4,25,0.056,0.45,.,IF,N,1,FIX,54,CLANEP,98,2.67,4.58,ug/ml,5,12,22.4,ug/g,5,0.175,Kg/d,0.0216,L/d,0.000025,,ug/kg bw/d
39,USA,NAM,rat,1.4,25,0.056,0.18,.,IF,N,1,FIX,54,CLAEP,28,54,7.34,ug/ml,5,373,44.1,ug/g,5,0.16,Kg/d,0.0216,L/d,17.78,,ug/kg bw/d
39,USA,NAM,rat,1.4,25,0.056,0.18,.,IF,N,1,FIX,54,CLAEP,28,12.6,1.73,ug/ml,5,83,14.1,ug/g,5,0.16,Kg/d,0.0216,L/d,4.44,,ug/kg bw/d
39,USA,NAM,rat,1.4,25,0.056,0.18,.,IF,N,1,FIX,54,CLAEP,28,6.62,0.5,ug/ml,5,25,6.11,ug/g,5,0.16,Kg/d,0.0216,L/d,1.78,,ug/kg bw/d
39,USA,NAM,rat,1.4,25,0.056,0.18,.,IF,N,1,FIX,54,CLAEP,28,1.61,0.21,ug/ml,5,8.71,0.55,ug/g,5,0.16,Kg/d,0.0216,L/d,0.44,,ug/kg bw/d
39,USA,NAM,rat,1.4,25,0.056,0.18,.,IF,N,1,FIX,54,CLANEP,28,0.026,0.007,ug/ml,5,0.107,0.049,ug/g,5,0.16,Kg/d,0.0216,L/d,0.000025,,ug/kg bw/d
40,SWE,EUR,mice,2,30,0.067,0.037,.,IM,N,1,FIX,55,CLAEP,10,125.8,7.8,ug/ml,4,.,.,ug/g,.,,Kg/d,0.0555,L/d,1250,20,ug/kg bw/d
40,SWE,EUR,mice,2,30,0.067,0.037,.,IM,N,1,FIX,55,CLANEP,10,0.052,0.004,ug/ml,4,.,.,ug/g,.,,Kg/d,0.0555,L/d,0.000025,0,ug/kg bw/d
41,CHI,ASIA,mice,2.5,30,0.08333,0.02,.,IM,N,1,FIX,56,CLAEP,7,250.34,2008,ug/ml,12,.,.,ug/g,.,,Kg/d,0.03,L/d,20000,20,ug/kg bw/d
41,CHI,ASIA,mice,2.5,30,0.08333,0.02,.,IM,N,1,FIX,56,CLAEP,7,97.25,761,ug/ml,12,.,.,ug/g,.,0.17,Kg/d,0.03,L/d,5000,5,ug/kg bw/d
41,CHI,ASIA,mice,2.5,30,0.08333,0.02,.,IM,N,1,FIX,56,CLANEP,7,0.000025,,ug/ml,12,.,.,ug/g,.,0.17,Kg/d,0.03,L/d,0.000025,2,ug/kg bw/d
